L1,L2,L3,,
Beauty & Wellness,Facial Care,Cleansers & Toners,Beauty & Wellness -> Facial Care -> Cleansers & Toners,"Beauty & Wellness -> Facial Care -> Cleansers & Toners,"
Beauty & Wellness,Facial Care,Moisturizers & Creams,Beauty & Wellness -> Facial Care -> Moisturizers & Creams,"Beauty & Wellness -> Facial Care -> Moisturizers & Creams,"
Beauty & Wellness,Facial Care,Masks & Treatments,Beauty & Wellness -> Facial Care -> Masks & Treatments,"Beauty & Wellness -> Facial Care -> Masks & Treatments,"
Beauty & Wellness,Body Care,Body Lotions & Oils,Beauty & Wellness -> Body Care -> Body Lotions & Oils,"Beauty & Wellness -> Body Care -> Body Lotions & Oils,"
Beauty & Wellness,Body Care,Scrubs & Exfoliants,Beauty & Wellness -> Body Care -> Scrubs & Exfoliants,"Beauty & Wellness -> Body Care -> Scrubs & Exfoliants,"
Beauty & Wellness,Body Care,Hand & Foot Care,Beauty & Wellness -> Body Care -> Hand & Foot Care,"Beauty & Wellness -> Body Care -> Hand & Foot Care,"
Beauty & Wellness,Hair,Shampoos & Conditioners,Beauty & Wellness -> Hair -> Shampoos & Conditioners,"Beauty & Wellness -> Hair -> Shampoos & Conditioners,"
Beauty & Wellness,Hair,Hair Treatments & Masks,Beauty & Wellness -> Hair -> Hair Treatments & Masks,"Beauty & Wellness -> Hair -> Hair Treatments & Masks,"
Beauty & Wellness,Hair,Styling Products & Tools,Beauty & Wellness -> Hair -> Styling Products & Tools,"Beauty & Wellness -> Hair -> Styling Products & Tools,"
Beauty & Wellness,Makeup,Face Makeup,Beauty & Wellness -> Makeup -> Face Makeup,"Beauty & Wellness -> Makeup -> Face Makeup,"
Beauty & Wellness,Makeup,Eye Makeup,Beauty & Wellness -> Makeup -> Eye Makeup,"Beauty & Wellness -> Makeup -> Eye Makeup,"
Beauty & Wellness,Makeup,Lips,Beauty & Wellness -> Makeup -> Lips,"Beauty & Wellness -> Makeup -> Lips,"
Beauty & Wellness,Fragrance,Perfumes & Eau de Parfum,Beauty & Wellness -> Fragrance -> Perfumes & Eau de Parfum,"Beauty & Wellness -> Fragrance -> Perfumes & Eau de Parfum,"
Beauty & Wellness,Fragrance,Body Mists & Sprays,Beauty & Wellness -> Fragrance -> Body Mists & Sprays,"Beauty & Wellness -> Fragrance -> Body Mists & Sprays,"
Beauty & Wellness,Fragrance,Home Fragrances,Beauty & Wellness -> Fragrance -> Home Fragrances,"Beauty & Wellness -> Fragrance -> Home Fragrances,"
Beauty & Wellness,Beauty accessory,Makeup Brushes & Tools,Beauty & Wellness -> Beauty accessory -> Makeup Brushes & Tools,"Beauty & Wellness -> Beauty accessory -> Makeup Brushes & Tools,"
Beauty & Wellness,Beauty accessory,Skincare Tools,Beauty & Wellness -> Beauty accessory -> Skincare Tools,"Beauty & Wellness -> Beauty accessory -> Skincare Tools,"
Beauty & Wellness,Beauty accessory,Hair Accessories,Beauty & Wellness -> Beauty accessory -> Hair Accessories,"Beauty & Wellness -> Beauty accessory -> Hair Accessories,"
Beauty & Wellness,Beauty & personnal care,Hygiene Essentials,Beauty & Wellness -> Beauty & personnal care -> Hygiene Essentials,"Beauty & Wellness -> Beauty & personnal care -> Hygiene Essentials,"
Beauty & Wellness,Beauty & personnal care,Oral Care,Beauty & Wellness -> Beauty & personnal care -> Oral Care,"Beauty & Wellness -> Beauty & personnal care -> Oral Care,"
Beauty & Wellness,Beauty & personnal care,Wellness Products,Beauty & Wellness -> Beauty & personnal care -> Wellness Products,"Beauty & Wellness -> Beauty & personnal care -> Wellness Products,"
Beauty & Wellness,Natural & Organic Products,Organic Skincare,Beauty & Wellness -> Natural & Organic Products -> Organic Skincare,"Beauty & Wellness -> Natural & Organic Products -> Organic Skincare,"
Beauty & Wellness,Natural & Organic Products,Natural Haircare,Beauty & Wellness -> Natural & Organic Products -> Natural Haircare,"Beauty & Wellness -> Natural & Organic Products -> Natural Haircare,"
Beauty & Wellness,Natural & Organic Products,Eco-friendly Beauty Accessories,Beauty & Wellness -> Natural & Organic Products -> Eco-friendly Beauty Accessories,"Beauty & Wellness -> Natural & Organic Products -> Eco-friendly Beauty Accessories,"
Food & Beverages,Savory Grocery,"Pasta, Rice & Grains","Food & Beverages -> Savory Grocery -> Pasta, Rice & Grains","Food & Beverages -> Savory Grocery -> Pasta, Rice & Grains,"
Food & Beverages,Savory Grocery,"Sauces, Condiments & Seasonings","Food & Beverages -> Savory Grocery -> Sauces, Condiments & Seasonings","Food & Beverages -> Savory Grocery -> Sauces, Condiments & Seasonings,"
Food & Beverages,Savory Grocery,Oils & Vinegars,Food & Beverages -> Savory Grocery -> Oils & Vinegars,"Food & Beverages -> Savory Grocery -> Oils & Vinegars,"
Food & Beverages,Sweet Grocery,"Biscuits, Chocolate & Sweets","Food & Beverages -> Sweet Grocery -> Biscuits, Chocolate & Sweets","Food & Beverages -> Sweet Grocery -> Biscuits, Chocolate & Sweets,"
Food & Beverages,Sweet Grocery,"Jams, Honey & Spreads","Food & Beverages -> Sweet Grocery -> Jams, Honey & Spreads","Food & Beverages -> Sweet Grocery -> Jams, Honey & Spreads,"
Food & Beverages,Sweet Grocery,Breakfast & Baking Essentials,Food & Beverages -> Sweet Grocery -> Breakfast & Baking Essentials,"Food & Beverages -> Sweet Grocery -> Breakfast & Baking Essentials,"
Food & Beverages,World Food,African & Caribbean ,Food & Beverages -> World Food -> African & Caribbean ,"Food & Beverages -> World Food -> African & Caribbean ,"
Food & Beverages,World Food,Asian & Oriental ,Food & Beverages -> World Food -> Asian & Oriental ,"Food & Beverages -> World Food -> Asian & Oriental ,"
Food & Beverages,World Food,Mediterranean & European,Food & Beverages -> World Food -> Mediterranean & European,"Food & Beverages -> World Food -> Mediterranean & European,"
Food & Beverages,Salty Snacks,"Chips, Nuts & Crackers","Food & Beverages -> Salty Snacks -> Chips, Nuts & Crackers","Food & Beverages -> Salty Snacks -> Chips, Nuts & Crackers,"
Food & Beverages,Sweet Snacks,"Pastries, Cakes & Biscuits","Food & Beverages -> Sweet Snacks -> Pastries, Cakes & Biscuits","Food & Beverages -> Sweet Snacks -> Pastries, Cakes & Biscuits,"
Food & Beverages,Energy & Protein Snacks,"Energy Bars, Protein Cookies, Dried Fruits","Food & Beverages -> Energy & Protein Snacks -> Energy Bars, Protein Cookies, Dried Fruits","Food & Beverages -> Energy & Protein Snacks -> Energy Bars, Protein Cookies, Dried Fruits,"
Food & Beverages,Non-Alcoholic,Juices & Smoothies,Food & Beverages -> Non-Alcoholic -> Juices & Smoothies,"Food & Beverages -> Non-Alcoholic -> Juices & Smoothies,"
Food & Beverages,Non-Alcoholic,"Coffee, Tea & Infusions","Food & Beverages -> Non-Alcoholic -> Coffee, Tea & Infusions","Food & Beverages -> Non-Alcoholic -> Coffee, Tea & Infusions,"
Food & Beverages,Non-Alcoholic,Functional & Energy Drinks,Food & Beverages -> Non-Alcoholic -> Functional & Energy Drinks,"Food & Beverages -> Non-Alcoholic -> Functional & Energy Drinks,"
Food & Beverages,Alcoholic,"Wine, Beer & Spirits","Food & Beverages -> Alcoholic -> Wine, Beer & Spirits","Food & Beverages -> Alcoholic -> Wine, Beer & Spirits,"
Food & Beverages,Healthy Drinks,"Plant-Based Milks, Kombucha & Fermented Drinks","Food & Beverages -> Healthy Drinks -> Plant-Based Milks, Kombucha & Fermented Drinks","Food & Beverages -> Healthy Drinks -> Plant-Based Milks, Kombucha & Fermented Drinks,"
Food & Beverages,Fine Grocery,"Truffle, Foie Gras & Delicatessen","Food & Beverages -> Fine Grocery -> Truffle, Foie Gras & Delicatessen","Food & Beverages -> Fine Grocery -> Truffle, Foie Gras & Delicatessen,"
Food & Beverages,Fine Grocery,Specialty Oils & Vinegars,Food & Beverages -> Fine Grocery -> Specialty Oils & Vinegars,"Food & Beverages -> Fine Grocery -> Specialty Oils & Vinegars,"
Food & Beverages,Fine Grocery,Artisan Chocolates & Sweets,Food & Beverages -> Fine Grocery -> Artisan Chocolates & Sweets,"Food & Beverages -> Fine Grocery -> Artisan Chocolates & Sweets,"
Food & Beverages,Gift & Seasonal,Gourmet Gift Boxes,Food & Beverages -> Gift & Seasonal -> Gourmet Gift Boxes,"Food & Beverages -> Gift & Seasonal -> Gourmet Gift Boxes,"
Food & Beverages,Gift & Seasonal,Seasonal & Limited Editions,Food & Beverages -> Gift & Seasonal -> Seasonal & Limited Editions,"Food & Beverages -> Gift & Seasonal -> Seasonal & Limited Editions,"
Food & Beverages,Bulk Ingredients,"Flour, Sugar, Spices","Food & Beverages -> Bulk Ingredients -> Flour, Sugar, Spices","Food & Beverages -> Bulk Ingredients -> Flour, Sugar, Spices,"
Food & Beverages,Professional Drinks,"Coffee Beans, Syrups, Barista Supplies","Food & Beverages -> Professional Drinks -> Coffee Beans, Syrups, Barista Supplies","Food & Beverages -> Professional Drinks -> Coffee Beans, Syrups, Barista Supplies,"
Food & Beverages,Catering Essentials,Ready Meals & Tableware,Food & Beverages -> Catering Essentials -> Ready Meals & Tableware,"Food & Beverages -> Catering Essentials -> Ready Meals & Tableware,"
Textile,Women,Tops,Textile -> Women -> Tops,"Textile -> Women -> Tops,"
Textile,Women,Bottoms,Textile -> Women -> Bottoms,"Textile -> Women -> Bottoms,"
Textile,Women,Sets & Jumpsuits,Textile -> Women -> Sets & Jumpsuits,"Textile -> Women -> Sets & Jumpsuits,"
Textile,Women,Jackets & Coats,Textile -> Women -> Jackets & Coats,"Textile -> Women -> Jackets & Coats,"
Textile,Women,"Lingerie, Swimwear & Underwear","Textile -> Women -> Lingerie, Swimwear & Underwear","Textile -> Women -> Lingerie, Swimwear & Underwear,"
Textile,Women,Pyjamas & Homewear,Textile -> Women -> Pyjamas & Homewear,"Textile -> Women -> Pyjamas & Homewear,"
Textile,Women,Sportswear / Activewear,Textile -> Women -> Sportswear / Activewear,"Textile -> Women -> Sportswear / Activewear,"
Textile,Women,Footwear,Textile -> Women -> Footwear,"Textile -> Women -> Footwear,"
Textile,Men,Tops,Textile -> Men -> Tops,"Textile -> Men -> Tops,"
Textile,Men,Bottoms,Textile -> Men -> Bottoms,"Textile -> Men -> Bottoms,"
Textile,Men,Suits & Blazers,Textile -> Men -> Suits & Blazers,"Textile -> Men -> Suits & Blazers,"
Textile,Men,Sets / Matching Outfits,Textile -> Men -> Sets / Matching Outfits,"Textile -> Men -> Sets / Matching Outfits,"
Textile,Men,Coats & Jackets,Textile -> Men -> Coats & Jackets,"Textile -> Men -> Coats & Jackets,"
Textile,Men,Underwear & Socks,Textile -> Men -> Underwear & Socks,"Textile -> Men -> Underwear & Socks,"
Textile,Men,Pyjamas & Homewear,Textile -> Men -> Pyjamas & Homewear,"Textile -> Men -> Pyjamas & Homewear,"
Textile,Men,Sportswear / Activewear,Textile -> Men -> Sportswear / Activewear,"Textile -> Men -> Sportswear / Activewear,"
Textile,Men,Footwear,Textile -> Men -> Footwear,"Textile -> Men -> Footwear,"
Textile,Kids,Girl,Textile -> Kids -> Girl,"Textile -> Kids -> Girl,"
Textile,Kids,Boy,Textile -> Kids -> Boy,"Textile -> Kids -> Boy,"
Textile,Kids,Baby,Textile -> Kids -> Baby,"Textile -> Kids -> Baby,"
Textile,Kids,Shoes and Slippers,Textile -> Kids -> Shoes and Slippers,"Textile -> Kids -> Shoes and Slippers,"
Textile,Kids,Accessories,Textile -> Kids -> Accessories,"Textile -> Kids -> Accessories,"
Textile,Bags and accessories,Bags,Textile -> Bags and accessories -> Bags,"Textile -> Bags and accessories -> Bags,"
Textile,Bags and accessories,Belts,Textile -> Bags and accessories -> Belts,"Textile -> Bags and accessories -> Belts,"
Textile,Bags and accessories,Ties,Textile -> Bags and accessories -> Ties,"Textile -> Bags and accessories -> Ties,"
Textile,Bags and accessories,Scarves,Textile -> Bags and accessories -> Scarves,"Textile -> Bags and accessories -> Scarves,"
Textile,Bags and accessories,Gloves,Textile -> Bags and accessories -> Gloves,"Textile -> Bags and accessories -> Gloves,"
Textile,Bags and accessories,Hats,Textile -> Bags and accessories -> Hats,"Textile -> Bags and accessories -> Hats,"
New products,,,New products,"New products,"
Top seller,,,Top seller,"Top seller,"