Handle,Title,Body (HTML),Vendor,Product Category,Type,Tags,Published,Option1 Name,Option1 Value,Option1 Linked To,Option2 Name,Option2 Value,Option2 Linked To,Option3 Name,Option3 Value,Option3 Linked To,Variant SKU,Variant Grams,Variant Inventory Tracker,Variant Inventory Qty,Variant Inventory Policy,Variant Fulfillment Service,Variant Price,Variant Compare At Price,Variant Requires Shipping,Variant Taxable,Unit Price Total Measure,Unit Price Total Measure Unit,Unit Price Base Measure,Unit Price Base Measure Unit,Variant Barcode,Image Src,Image Position,Image Alt Text,Gift Card,SEO Title,SEO Description,Google Shopping / Google Product Category,Google Shopping / Gender,Google Shopping / Age Group,Google Shopping / MPN,Google Shopping / Condition,Google Shopping / Custom Product,Google Shopping / Custom Label 0,Google Shopping / Custom Label 1,Google Shopping / Custom Label 2,Google Shopping / Custom Label 3,Google Shopping / Custom Label 4,Ankorstore Casing (product.metafields.asc.casing),Ankorstore VAT (product.metafields.asc.vat),Google: Custom Product (product.metafields.mm-google-shopping.custom_product),Ingrédient actif (product.metafields.shopify.active-ingredient),Tranche d’âge (product.metafields.shopify.age-group),Zone du corps (product.metafields.shopify.body-area),Couleur (product.metafields.shopify.color-pattern),Effet conditionneur (product.metafields.shopify.conditioner-effect),Ingrédients constitutifs (product.metafields.shopify.constitutive-ingredients),Fonction cosmétique (product.metafields.shopify.cosmetic-function),Tissu (product.metafields.shopify.fabric),Finition soin des cheveux (product.metafields.shopify.hair-care-finish),Articles de soins capillaires inclus (product.metafields.shopify.hair-care-items-included),Type de perte de cheveux (product.metafields.shopify.hair-loss-type),Type de cheveux (product.metafields.shopify.hair-type),Niveau de maintien (product.metafields.shopify.hold-level),Matériel (product.metafields.shopify.material),Type de crème hydratante (product.metafields.shopify.moisturizer-type),Type d’emballage (product.metafields.shopify.package-type),Certifications et normes de produits (product.metafields.shopify.product-certifications-standards),Forme du produit (product.metafields.shopify.product-form),Effet soin de la peau (product.metafields.shopify.skin-care-effect),Caractéristiques des soins de la peau (product.metafields.shopify.skin-care-features),Convient au type de cheveux (product.metafields.shopify.suitable-for-hair-type),Convient au type de peau (product.metafields.shopify.suitable-for-skin-type),Sexe cible (product.metafields.shopify.target-gender),Objectif du traitement (product.metafields.shopify.treatment-objective),Type de traitement (product.metafields.shopify.treatment-type),Type d’utilisation (product.metafields.shopify.usage-type),Variant Image,Variant Weight Unit,Variant Tax Code,Cost per item,Status
sac-black-seed-oil-125ml,SAC Huile de graines noires (Black Seed Oil) 125ml,"<p data-start=""1297"" data-end=""1713""><strong data-start=""1297"" data-end=""1328"">SAC Huile de Graines Noires</strong> est un soin naturel polyvalent très apprécié pour ses propriétés fortifiantes et nourrissantes. Elle est idéale pour les routines capillaires ciblant la pousse, la réparation et la protection des cheveux texturés, ainsi que pour les soins corporels.<br data-start=""1578"" data-end=""1581"">Produit à forte demande en boutique Afro &amp; cosmétique naturelle, parfait pour la revente grâce à son usage multiple et sa notoriété.</p>
<p data-start=""1715"" data-end=""1875""><strong data-start=""1715"" data-end=""1875"">✔️ Adaptée aux cheveux crépus, frisés, bouclés et locks<br data-start=""1772"" data-end=""1775"">✔️ Convient aux soins capillaires et corporels<br data-start=""1821"" data-end=""1824"">✔️ Excellent produit à rotation rapide en magasin</strong></p>",SAC,Health & Beauty > Personal Care > Hair Care > Hair Treatments > Hair Oils,CHEVEUX,"Huile Capillaire, Huile&Serum Coporel",true,Title,Default Title,,,,,,,,SAC001,0.0,,0,deny,manual,3.90,,true,true,,,,,"",https://cdn.shopify.com/s/files/1/0864/3087/5985/files/SAC_Black_Seed_Oil.jpg?v=1767022915,1,"SAC Black Seed Oil, Huile de graines noires, Kalonji Oil, Nigella Sativa Oil.",false,Huile de Graines Noires SAC – Soin à Revendre | ABS France Wholesale,"Huile de graines noires SAC pour cheveux et corps, idéale pour la revente en boutique Afro. Produit naturel à forte demande chez ABS France Wholesale.",,,,,,,,,,,,,,,,,,,,,,,,,,,,,,,,,,,,,,,,,,g,,2.50,active
vasu-huile-de-nigelle-125ml,VASU Huile De Nigelle 125ml,"<p data-start=""1455"" data-end=""1731"">L’<strong data-start=""1457"" data-end=""1489"">huile de nigelle VASU 125 ml</strong> est un <strong data-start=""1497"" data-end=""1536"">produit capillaire à forte rotation</strong>, apprécié pour ses propriétés <strong data-start=""1567"" data-end=""1612"">anti-chute, fortifiantes et nourrissantes</strong>. Elle répond parfaitement à la demande des clients recherchant des <strong data-start=""1680"" data-end=""1708"">soins naturels efficaces</strong> pour cheveux texturés.</p>
<p data-start=""1733"" data-end=""1963"">Adaptée à la <strong data-start=""1746"" data-end=""1818"">revente en boutique afro, pharmacie, salon de coiffure ou e-commerce</strong>, cette huile peut être utilisée en massage cuir chevelu, bain d’huile ou soin quotidien. Format pratique et marque reconnue facilitant la vente.</p>
<p data-start=""1965"" data-end=""1999""><strong data-start=""1965"" data-end=""1999"">✔️ Avantages pour revendeurs :</strong></p>
<ul data-start=""2000"" data-end=""2184"">
<li data-start=""2000"" data-end=""2034"">
<p data-start=""2002"" data-end=""2034"">Forte demande sur le marché afro</p>
</li>
<li data-start=""2035"" data-end=""2060"">
<p data-start=""2037"" data-end=""2060"">Soin naturel polyvalent</p>
</li>
<li data-start=""2061"" data-end=""2104"">
<p data-start=""2063"" data-end=""2104"">Convient cheveux naturels, frisés, crépus</p>
</li>
<li data-start=""2105"" data-end=""2137"">
<p data-start=""2107"" data-end=""2137"">Excellent rapport qualité/prix</p>
</li>
<li data-start=""2138"" data-end=""2184"">
<p data-start=""2140"" data-end=""2184"">Idéal pour rayons soins &amp; huiles capillaires</p>
</li>
</ul>",VASU,Health & Beauty > Personal Care > Hair Care > Hair Treatments > Hair Oils,CHEVEUX,"Huile Capillaire, Huile&Serum Coporel",true,Title,Default Title,,,,,,,,VAS001,0.0,,0,deny,manual,6.90,,true,true,,,,,"",https://cdn.shopify.com/s/files/1/0864/3087/5985/files/VASU_Huile_De_Nigelle_125ml.jpg?v=1767024630,1,VASU Huile De Nigelle 125ml,false,VASU Huile de Nigelle 125 ml – Huile Capillaire | ABS France Wholesale,"VASU Huile de Nigelle, huile capillaire anti-chute et fortifiante à forte demande. Idéale pour la revente en boutique afro. Disponible chez ABS France Wholesale",,,,,,,,,,,,,,,,,,,,,,,,,,,,,,,,,,,,,,,,,,g,,,active
pearlmax-super-stainless-blades,PearlMax Super Stainless Blades,"<p data-start=""1438"" data-end=""1737"">Les <strong data-start=""1442"" data-end=""1495"">PearlMax Super Stainless Steel Blades Double Edge</strong> sont des lames de rasage professionnelles conçues pour répondre aux exigences des <strong data-start=""1578"" data-end=""1612"">barbiers, salons et revendeurs</strong>. Leur acier inoxydable haute performance assure une <strong data-start=""1665"" data-end=""1688"">longue durée de vie</strong>, une coupe précise et une excellente régularité.</p>
<p data-start=""1739"" data-end=""1965"">Très appréciées pour le <strong data-start=""1763"" data-end=""1803"">rasage traditionnel et professionnel</strong>, ces lames offrent un excellent <strong data-start=""1836"" data-end=""1860"">rapport qualité/prix</strong>, une forte rotation en boutique et une compatibilité universelle avec les rasoirs de sûreté double edge.</p>
<p data-start=""1967"" data-end=""2128"">✔ Qualité professionnelle<br data-start=""1992"" data-end=""1995"">✔ Forte demande en barber shops<br data-start=""2026"" data-end=""2029"">✔ Coupe nette et constante<br data-start=""2055"" data-end=""2058"">✔ Idéal pour revente et usage intensif<br data-start=""2096"" data-end=""2099"">✔ Produit à rotation rapide</p>
<p data-start=""2130"" data-end=""2222"">Un produit essentiel pour enrichir votre rayon rasage avec une référence fiable et rentable.</p>",PearlMax,Health & Beauty > Personal Care > Shaving & Grooming > Razors & Razor Blades,ACCESSOIRES,"",true,Title,Default Title,,,,,,,,PMX001,0.0,,0,deny,manual,6.50,,true,true,,,,,"",https://cdn.shopify.com/s/files/1/0864/3087/5985/files/PearlMax_Super_Stainless_Blades.jpg?v=1767025014,1,PearlMax Super Stainless Steel Blades Double Edge Safety Razor,false,PearlMax - Super Stainless Steel Blades | ABS France Wholesale,Lames de rasage PearlMax Double Edge en acier inoxydable pour barbiers et revendeurs Qualité pro et forte rotation Découvre ce produit chez ABS France Wholesale,534,,,,,,,,,,,,,,,,,,,,,,,,,,,,,,,,,,,,unisex,,,,,g,,5.00,active
ns-collection-elastiques-noirs-paquet-300pcs,NS Collection Élastiques noirs Paquet 300pcs,"<p data-start=""1237"" data-end=""1498"">Les <strong data-start=""1241"" data-end=""1298"">élastiques noirs NS Collection – paquet de 300 pièces</strong> sont conçus pour les professionnels de la coiffure, salons, revendeurs et boutiques beauté. Leur élasticité durable assure une tenue fiable pour attaches, sections, tresses et coiffures protectrices.</p>
<p data-start=""1500"" data-end=""1610"">Conditionnement pratique pour la revente ou l’usage intensif en salon, avec un excellent rapport qualité-prix.</p>
<p data-start=""1612"" data-end=""1768""><strong data-start=""1612"" data-end=""1667"">✔ Accessoire coiffure essentiel pour professionnels</strong><br data-start=""1667"" data-end=""1670""><strong data-start=""1670"" data-end=""1709"">✔ Haute résistance – usage intensif</strong><br data-start=""1709"" data-end=""1712""><strong data-start=""1712"" data-end=""1768"">✔ Idéal pour salons, écoles de coiffure et boutiques.</strong></p>",NS Collection,Apparel & Accessories > Clothing Accessories > Hair Accessories > Ponytail Holders,ACCESSOIRES,"",true,Title,Default Title,,,,,,,,NSC001,0.0,,0,deny,manual,0.59,,true,true,,,,,"",https://cdn.shopify.com/s/files/1/0864/3087/5985/files/NS_Collection_Black_Rubber_Band_Pack_300pcs.jpg?v=1767026305,1,NS Collection Élastiques noirs Paquet (Black Rubber Band Pack) 300pcs,false,NS Collection - Élastiques noirs paquet 300 pcs | ABS France Wholesale,"Élastiques noirs NS Collection en lot de 300 pièces, parfaits pour salons et revendeurs. Accessoire coiffure. Découvrez-les chez ABS France Wholesale.",1483,,adult,,,,,,,,,,,,,all-ages,,black,,,,synthetique,,,,,,,,,,,,,,,unisex,,,,,g,,,active
naba-collections-lace-straight-26,"Naba Collections - LACE STRAIGHT 26""","<p data-start=""771"" data-end=""1030"">La perruque <strong data-start=""783"" data-end=""821"">Naba Collections Lace Straight 26""</strong> offre un rendu lisse, long et naturel, idéal pour les salons et revendeurs. Sa lace discrète assure une implantation réaliste et une pose facile. Fibre légère, bonne tenue et forte rotation en point de vente.</p>
<p data-start=""1032"" data-end=""1097""><strong data-start=""1032"" data-end=""1058"">Couleurs disponibles :</strong> 1, 1B, 2, 4, 30, 33, 27, T4/27, T1B/30</p>",Naba Collection,Apparel & Accessories > Clothing Accessories > Hair Accessories > Wigs,ACCESSOIRES,Perruque,true,Color,1,,,,,,,,NCW001,0.0,,0,deny,manual,34.45,,true,true,,,,,"",https://cdn.shopify.com/s/files/1/0864/3087/5985/files/Naba_Collections_LACE_STRAIGHT_26.png?v=1767280326,1,"Naba Collections - WIGS - LACE STRAIGHT 26""",false,"Naba Collections - LACE STRAIGHT 26"" - Perruque | ABS France Wholesale","Perruque lace lisse 26"" longue et naturelle, idéale pour salons et revendeurs. Qualité pro et forte demande chez ABS France Wholesale.",181,,adult,,,,,,,,,,,,,adultes,,black; bronze; brown-1; brown; beige; noir,,,,,,,,straight,,,,,,,,,,,feminin,,,,,g,,,active
naba-collections-lace-straight-26,,,,,,,,,1B,,,,,,,,NCW002,0.0,,0,deny,manual,34.45,,true,true,,,,,"",,,,,,,,,,,,,,,,,,,,,,,,,,,,,,,,,,,,,,,,,,,,,,,,g,,,
naba-collections-lace-straight-26,,,,,,,,,2,,,,,,,,NCW003,0.0,,0,deny,manual,34.45,,true,true,,,,,"",,,,,,,,,,,,,,,,,,,,,,,,,,,,,,,,,,,,,,,,,,,,,,,,g,,,
naba-collections-lace-straight-26,,,,,,,,,4,,,,,,,,NCW004,0.0,,0,deny,manual,34.45,,true,true,,,,,"",,,,,,,,,,,,,,,,,,,,,,,,,,,,,,,,,,,,,,,,,,,,,,,,g,,,
naba-collections-lace-straight-26,,,,,,,,,30,,,,,,,,NCW005,0.0,,0,deny,manual,34.45,,true,true,,,,,"",,,,,,,,,,,,,,,,,,,,,,,,,,,,,,,,,,,,,,,,,,,,,,,,g,,,
naba-collections-lace-straight-26,,,,,,,,,33,,,,,,,,NCW006,0.0,,0,deny,manual,34.45,,true,true,,,,,"",,,,,,,,,,,,,,,,,,,,,,,,,,,,,,,,,,,,,,,,,,,,,,,,g,,,
naba-collections-lace-straight-26,,,,,,,,,27,,,,,,,,NCW007,0.0,,0,deny,manual,34.45,,true,true,,,,,"",,,,,,,,,,,,,,,,,,,,,,,,,,,,,,,,,,,,,,,,,,,,,,,,g,,,
naba-collections-lace-straight-26,,,,,,,,,T4/27,,,,,,,,NCW008,0.0,,0,deny,manual,34.45,,true,true,,,,,"",,,,,,,,,,,,,,,,,,,,,,,,,,,,,,,,,,,,,,,,,,,,,,,,g,,,
naba-collections-lace-straight-26,,,,,,,,,T1B/30,,,,,,,,NCW009,0.0,,0,deny,manual,34.45,,true,true,,,,,"",,,,,,,,,,,,,,,,,,,,,,,,,,,,,,,,,,,,,,,,,,,,,,,,g,,,
naba-collections-lace-kinky-24,"Naba Collections - LACE KINKY 24""","<p>La <strong data-start=""2389"" data-end=""2412"">Naba Lace Kinky 24""</strong> reproduit parfaitement la texture afro naturelle. Idéale pour une clientèle recherchant volume, naturel et style texturé tendance.<br><br><strong data-start=""1032"" data-end=""1058"">Couleurs disponibles :</strong> 1, 1B, 2, 4, 30, 33, 27, T4/27, T1B/30<br></p>",Naba Collection,Apparel & Accessories > Clothing Accessories > Hair Accessories > Wigs,ACCESSOIRES,Perruque,true,Color,1,,,,,,,,NCW010,0.0,,0,deny,manual,25.90,,true,true,,,,,"",https://cdn.shopify.com/s/files/1/0864/3087/5985/files/NabaCollections-LACEKINKY24.png?v=1767281656,1,"Naba Collections - LACE KINKY 24""",false,"Naba Collections - LACE KINKY 24"" – Perruque | ABS France Wholesale","Perruque lace kinky texture afro naturelle, forte demande clientèle. Idéale pour salons et revendeurs chez ABS France Wholesale.",181,,adult,,,,,,,,,,,,,adultes,,black; bronze; brown-1; brown; noir; beige,,,,,,,,curly; wavy,,,,,,,,,,,feminin,,,,,g,,,active
naba-collections-lace-kinky-24,,,,,,,,,1B,,,,,,,,NCW011,0.0,,0,deny,manual,25.90,,true,true,,,,,"",,,,,,,,,,,,,,,,,,,,,,,,,,,,,,,,,,,,,,,,,,,,,,,,g,,,
naba-collections-lace-kinky-24,,,,,,,,,2,,,,,,,,NCW012,0.0,,0,deny,manual,25.90,,true,true,,,,,"",,,,,,,,,,,,,,,,,,,,,,,,,,,,,,,,,,,,,,,,,,,,,,,,g,,,
naba-collections-lace-kinky-24,,,,,,,,,4,,,,,,,,NCW013,0.0,,0,deny,manual,25.90,,true,true,,,,,"",,,,,,,,,,,,,,,,,,,,,,,,,,,,,,,,,,,,,,,,,,,,,,,,g,,,
naba-collections-lace-kinky-24,,,,,,,,,30,,,,,,,,NCW014,0.0,,0,deny,manual,25.90,,true,true,,,,,"",,,,,,,,,,,,,,,,,,,,,,,,,,,,,,,,,,,,,,,,,,,,,,,,g,,,
naba-collections-lace-kinky-24,,,,,,,,,33,,,,,,,,NCW015,0.0,,0,deny,manual,25.90,,true,true,,,,,"",,,,,,,,,,,,,,,,,,,,,,,,,,,,,,,,,,,,,,,,,,,,,,,,g,,,
naba-collections-lace-kinky-24,,,,,,,,,27,,,,,,,,NCW016,0.0,,0,deny,manual,25.90,,true,true,,,,,"",,,,,,,,,,,,,,,,,,,,,,,,,,,,,,,,,,,,,,,,,,,,,,,,g,,,
naba-collections-lace-kinky-24,,,,,,,,,T4/27,,,,,,,,NCW017,0.0,,0,deny,manual,25.90,,true,true,,,,,"",,,,,,,,,,,,,,,,,,,,,,,,,,,,,,,,,,,,,,,,,,,,,,,,g,,,
naba-collections-lace-kinky-24,,,,,,,,,T1B/30,,,,,,,,NCW018,0.0,,0,deny,manual,25.90,,true,true,,,,,"",,,,,,,,,,,,,,,,,,,,,,,,,,,,,,,,,,,,,,,,,,,,,,,,g,,,
naba-collections-lace-body-wave-17,"Naba Collections - LACE BODY WAVE 17""","<p>La <strong data-start=""3550"" data-end=""3572"">Lace Body Wave 17""</strong> propose des ondulations souples et naturelles, très demandées en boutique. Facile à vendre et à coiffer.<br><br><strong data-start=""1032"" data-end=""1058"">Couleurs disponibles :</strong> 1, 1B, 2, 4, 30, 33, 27, T4/27, T1B/30</p>",Naba Collection,Apparel & Accessories > Clothing Accessories > Hair Accessories > Wigs,ACCESSOIRES,Perruque,true,Color,1,,,,,,,,NCW0019,0.0,,0,deny,manual,28.90,,true,true,,,,,"",https://cdn.shopify.com/s/files/1/0864/3087/5985/files/NabaCollections-LACEBODYWAVE17.png?v=1767282356,1,"Naba Collections - LACE WIG BODY WAVE 17""",false,"Naba Collections - LACE BODY WAVE 17"" - Perruque |ABS France Wholesale","Perruque lace ondulée Body Wave, longueur polyvalente et rendu naturel. Produit à forte rotation B2B.",181,,adult,,,,,,,,,,,,,adultes,,black; bronze; brown-1; brown; beige; noir,,,,,,,,wavy,,,,,,,,,,,feminin,,,,,g,,,active
naba-collections-lace-body-wave-17,,,,,,,,,1B,,,,,,,,NCW0020,0.0,,0,deny,manual,28.90,,true,true,,,,,"",,,,,,,,,,,,,,,,,,,,,,,,,,,,,,,,,,,,,,,,,,,,,,,,g,,,
naba-collections-lace-body-wave-17,,,,,,,,,2,,,,,,,,NCW0021,0.0,,0,deny,manual,28.90,,true,true,,,,,"",,,,,,,,,,,,,,,,,,,,,,,,,,,,,,,,,,,,,,,,,,,,,,,,g,,,
naba-collections-lace-body-wave-17,,,,,,,,,4,,,,,,,,NCW0022,0.0,,0,deny,manual,28.90,,true,true,,,,,"",,,,,,,,,,,,,,,,,,,,,,,,,,,,,,,,,,,,,,,,,,,,,,,,g,,,
naba-collections-lace-body-wave-17,,,,,,,,,30,,,,,,,,NCW0023,0.0,,0,deny,manual,28.90,,true,true,,,,,"",,,,,,,,,,,,,,,,,,,,,,,,,,,,,,,,,,,,,,,,,,,,,,,,g,,,
naba-collections-lace-body-wave-17,,,,,,,,,33,,,,,,,,NCW0024,0.0,,0,deny,manual,28.90,,true,true,,,,,"",,,,,,,,,,,,,,,,,,,,,,,,,,,,,,,,,,,,,,,,,,,,,,,,g,,,
naba-collections-lace-body-wave-17,,,,,,,,,27,,,,,,,,NCW0025,0.0,,0,deny,manual,28.90,,true,true,,,,,"",,,,,,,,,,,,,,,,,,,,,,,,,,,,,,,,,,,,,,,,,,,,,,,,g,,,
naba-collections-lace-body-wave-17,,,,,,,,,T4/27,,,,,,,,NCW0026,0.0,,0,deny,manual,28.90,,true,true,,,,,"",,,,,,,,,,,,,,,,,,,,,,,,,,,,,,,,,,,,,,,,,,,,,,,,g,,,
naba-collections-lace-body-wave-17,,,,,,,,,T1B/30,,,,,,,,NCW0027,0.0,,0,deny,manual,28.90,,true,true,,,,,"",,,,,,,,,,,,,,,,,,,,,,,,,,,,,,,,,,,,,,,,,,,,,,,,g,,,
naba-collections-katie-short,Naba Collections - KATIE SHORT,"<p>La <strong data-start=""4613"" data-end=""4633"">Naba Katie Short</strong> est une coupe courte moderne, facile à entretenir et très populaire en point de vente.<br><br><strong data-start=""1032"" data-end=""1058"">Couleurs disponibles :</strong> 1, 1B, 2, 4, 30, 33, 27, T4/27, T1B/30</p>",Naba Collection,Apparel & Accessories > Clothing Accessories > Hair Accessories > Wigs,ACCESSOIRES,Perruque,true,Color,1,,,,,,,,NCW0028,0.0,,0,deny,manual,23.90,,true,true,,,,,"",https://cdn.shopify.com/s/files/1/0864/3087/5985/files/NabaCollections-KATIESHORT.png?v=1767282734,1,Naba Collections - KATIE SHORT WIG,false,Naba Collections - KATIE SHORT - Perruque Courte |ABS France Wholesale,"Perruque courte tendance, facile à porter et à vendre. Idéale pour salons et revendeurs.",181,,adult,,,,,,,,,,,,,adultes,,black; bronze; brown-1; beige; brown; noir; multicolor,,,,,,,,wavy,,,,,,,,,,,feminin,,,,,g,,,active
naba-collections-katie-short,,,,,,,,,1B,,,,,,,,NCW0029,0.0,,0,deny,manual,23.90,,true,true,,,,,"",,,,,,,,,,,,,,,,,,,,,,,,,,,,,,,,,,,,,,,,,,,,,,,,g,,,
naba-collections-katie-short,,,,,,,,,2,,,,,,,,NCW0030,0.0,,0,deny,manual,23.90,,true,true,,,,,"",,,,,,,,,,,,,,,,,,,,,,,,,,,,,,,,,,,,,,,,,,,,,,,,g,,,
naba-collections-katie-short,,,,,,,,,4,,,,,,,,NCW0031,0.0,,0,deny,manual,23.90,,true,true,,,,,"",,,,,,,,,,,,,,,,,,,,,,,,,,,,,,,,,,,,,,,,,,,,,,,,g,,,
naba-collections-katie-short,,,,,,,,,30,,,,,,,,NCW0032,0.0,,0,deny,manual,23.90,,true,true,,,,,"",,,,,,,,,,,,,,,,,,,,,,,,,,,,,,,,,,,,,,,,,,,,,,,,g,,,
naba-collections-katie-short,,,,,,,,,33,,,,,,,,NCW0033,0.0,,0,deny,manual,23.90,,true,true,,,,,"",,,,,,,,,,,,,,,,,,,,,,,,,,,,,,,,,,,,,,,,,,,,,,,,g,,,
naba-collections-katie-short,,,,,,,,,27,,,,,,,,NCW0034,0.0,,0,deny,manual,23.90,,true,true,,,,,"",,,,,,,,,,,,,,,,,,,,,,,,,,,,,,,,,,,,,,,,,,,,,,,,g,,,
naba-collections-katie-short,,,,,,,,,T4/27,,,,,,,,NCW0035,0.0,,0,deny,manual,23.90,,true,true,,,,,"",,,,,,,,,,,,,,,,,,,,,,,,,,,,,,,,,,,,,,,,,,,,,,,,g,,,
naba-collections-katie-short,,,,,,,,,T1B/30,,,,,,,,NCW0036,0.0,,0,deny,manual,23.90,,true,true,,,,,"",,,,,,,,,,,,,,,,,,,,,,,,,,,,,,,,,,,,,,,,,,,,,,,,g,,,
naba-collections-nora-lace-wig,Naba Collections - NORA  LACE WIG,"<p>La <strong data-start=""5555"" data-end=""5572"">Nora Lace Wig</strong> est un modèle polyvalent, naturel et facile à proposer à une large clientèle.<br><br><strong data-start=""1032"" data-end=""1058"">Couleurs disponibles :</strong> 1, 1B, 2, 4, 30, 33, 27, T4/27, T1B/30</p>",Naba Collection,Apparel & Accessories > Clothing Accessories > Hair Accessories > Wigs,ACCESSOIRES,Perruque,true,Color,1,,,,,,,,NCW0037,0.0,,0,deny,manual,23.90,,true,true,,,,,"",https://cdn.shopify.com/s/files/1/0864/3087/5985/files/NabaCollections-NORALACEWIG.png?v=1767283155,1,Naba Collections - NORA  LACE WIG,false,Naba Collections - NORA  LACE WIG - Perruque | ABS France Wholesale,"Perruque lace polyvalente à forte demande, idéale pour boutiques et salons.",181,,adult,,,,,,,,,,,,,adultes,,black; bronze; brown-1; brown; beige; noir,,,,,,,,curly,,,,,,,,,,,feminin,,,,,g,,,active
naba-collections-nora-lace-wig,,,,,,,,,1B,,,,,,,,NCW0038,0.0,,0,deny,manual,23.90,,true,true,,,,,"",,,,,,,,,,,,,,,,,,,,,,,,,,,,,,,,,,,,,,,,,,,,,,,,g,,,
naba-collections-nora-lace-wig,,,,,,,,,2,,,,,,,,NCW0039,0.0,,0,deny,manual,23.90,,true,true,,,,,"",,,,,,,,,,,,,,,,,,,,,,,,,,,,,,,,,,,,,,,,,,,,,,,,g,,,
naba-collections-nora-lace-wig,,,,,,,,,4,,,,,,,,NCW0040,0.0,,0,deny,manual,23.90,,true,true,,,,,"",,,,,,,,,,,,,,,,,,,,,,,,,,,,,,,,,,,,,,,,,,,,,,,,g,,,
naba-collections-nora-lace-wig,,,,,,,,,30,,,,,,,,NCW0041,0.0,,0,deny,manual,23.90,,true,true,,,,,"",,,,,,,,,,,,,,,,,,,,,,,,,,,,,,,,,,,,,,,,,,,,,,,,g,,,
naba-collections-nora-lace-wig,,,,,,,,,33,,,,,,,,NCW0042,0.0,,0,deny,manual,23.90,,true,true,,,,,"",,,,,,,,,,,,,,,,,,,,,,,,,,,,,,,,,,,,,,,,,,,,,,,,g,,,
naba-collections-nora-lace-wig,,,,,,,,,27,,,,,,,,NCW0043,0.0,,0,deny,manual,23.90,,true,true,,,,,"",,,,,,,,,,,,,,,,,,,,,,,,,,,,,,,,,,,,,,,,,,,,,,,,g,,,
naba-collections-nora-lace-wig,,,,,,,,,T4/27,,,,,,,,NCW0044,0.0,,0,deny,manual,23.90,,true,true,,,,,"",,,,,,,,,,,,,,,,,,,,,,,,,,,,,,,,,,,,,,,,,,,,,,,,g,,,
naba-collections-nora-lace-wig,,,,,,,,,T1B/30,,,,,,,,NCW0045,0.0,,0,deny,manual,23.90,,true,true,,,,,"",,,,,,,,,,,,,,,,,,,,,,,,,,,,,,,,,,,,,,,,,,,,,,,,g,,,
naba-collections-lace-straight-bob-14,"Naba Collections - LACE STRAIGHT BOB 14""","<p>La <strong data-start=""6457"" data-end=""6482"">Lace Straight Bob 14""</strong> est un best-seller : coupe droite, moderne et très appréciée en boutique.<br><br><strong data-start=""1032"" data-end=""1058"">Couleurs disponibles :</strong> 1, 1B, 2, 4, 30, 33, 27, T4/27, T1B/30</p>",Naba Collection,Apparel & Accessories > Clothing Accessories > Hair Accessories > Wigs,ACCESSOIRES,Perruque,true,Color,1,,,,,,,,NCW0046,0.0,,0,deny,manual,28.90,,true,true,,,,,"",https://cdn.shopify.com/s/files/1/0864/3087/5985/files/NabaCollections-LACESTRAIGHTBOB14.png?v=1767283468,1,"Naba Collections - LACE STRAIGHT BOB 14"" WIG",false,"Naba Collections- LACE STRAIGHT BOB 14"" Perruque |ABS France Wholesale","Bob lace lisse, moderne et facile à vendre. Produit incontournable B2B.",181,,adult,,,,,,,,,,,,,adultes,,brown; bronze; black; brown-1; beige; noir,,,,,,,,straight,,,,,,,,,,,feminin,,,,,g,,,active
naba-collections-lace-straight-bob-14,,,,,,,,,1B,,,,,,,,NCW0047,0.0,,0,deny,manual,28.90,,true,true,,,,,"",,,,,,,,,,,,,,,,,,,,,,,,,,,,,,,,,,,,,,,,,,,,,,,,g,,,
naba-collections-lace-straight-bob-14,,,,,,,,,2,,,,,,,,NCW0048,0.0,,0,deny,manual,28.90,,true,true,,,,,"",,,,,,,,,,,,,,,,,,,,,,,,,,,,,,,,,,,,,,,,,,,,,,,,g,,,
naba-collections-lace-straight-bob-14,,,,,,,,,4,,,,,,,,NCW0049,0.0,,0,deny,manual,28.90,,true,true,,,,,"",,,,,,,,,,,,,,,,,,,,,,,,,,,,,,,,,,,,,,,,,,,,,,,,g,,,
naba-collections-lace-straight-bob-14,,,,,,,,,30,,,,,,,,NCW0050,0.0,,0,deny,manual,28.90,,true,true,,,,,"",,,,,,,,,,,,,,,,,,,,,,,,,,,,,,,,,,,,,,,,,,,,,,,,g,,,
naba-collections-lace-straight-bob-14,,,,,,,,,33,,,,,,,,NCW0051,0.0,,0,deny,manual,28.90,,true,true,,,,,"",,,,,,,,,,,,,,,,,,,,,,,,,,,,,,,,,,,,,,,,,,,,,,,,g,,,
naba-collections-lace-straight-bob-14,,,,,,,,,27,,,,,,,,NCW0052,0.0,,0,deny,manual,28.90,,true,true,,,,,"",,,,,,,,,,,,,,,,,,,,,,,,,,,,,,,,,,,,,,,,,,,,,,,,g,,,
naba-collections-lace-straight-bob-14,,,,,,,,,T4/27,,,,,,,,NCW0053,0.0,,0,deny,manual,28.90,,true,true,,,,,"",,,,,,,,,,,,,,,,,,,,,,,,,,,,,,,,,,,,,,,,,,,,,,,,g,,,
naba-collections-lace-straight-bob-14,,,,,,,,,T1B/30,,,,,,,,NCW0054,0.0,,0,deny,manual,28.90,,true,true,,,,,"",,,,,,,,,,,,,,,,,,,,,,,,,,,,,,,,,,,,,,,,,,,,,,,,g,,,
leisure-curl-extra-hold-neutralizer-946ml,Leisure Curl Extra Hold Neutralizer 946ml,"<p>Le <strong data-start=""445"" data-end=""484"">Leisure Curl Extra Hold Neutralizer</strong> est spécialement formulé pour stopper l’action chimique après un défrisage ou une permanente texturisante. Il aide à rééquilibrer le pH du cheveu tout en assurant une <strong data-start=""652"" data-end=""682"">tenue maximale des boucles</strong>. Indispensable en salon et très recherché pour les routines professionnelles cheveux texturés.</p>",Leisure Curl,Health & Beauty > Personal Care > Hair Care > Hair Styling Products,COIFFURE,"Activateur&Definiseur de Boucles, Lait Coiffant",true,Title,Default Title,,,,,,,,LEC0001,0.0,,0,deny,manual,17.90,,true,true,,,,,"",https://cdn.shopify.com/s/files/1/0864/3087/5985/files/Leisure_Curl_Extra_Hold_Neutralizer_946_mL.png?v=1767446239,1,Leisure Curl Extra Hold Neutralizer bottle on a white background,false,Leisure Curl - Extra Hold Neutralizer (946 mL) | ABS France Wholesale,Neutralisant professionnel à tenue extra forte pour cheveux texturés. Idéal après défrisage ou permanente. Disponible chez ABS France Wholesale.,1901,,,,,,,,,,,,,,,,,,,,,,,,,curly; wavy,strong,,,,,liquid,,,,,unisex,,,,,g,,,active
leisure-curl-extra-hold-neutralizer-946ml,,,,,,,,,,,,,,,,,,,,,,,,,,,,,,,,https://cdn.shopify.com/s/files/1/0864/3087/5985/files/LeisureCurlExtraHoldNeutralizer946mLB.webp?v=1767446058,2,Le Leisure Curl Extra Hold Neutralizer est spécialement formulé pour stopper l’action chimique après un défrisage ou une permanente texturisante. Il aide à rééquilibrer le pH du cheveu tout en assurant une tenue maximale des boucles. Indispensable en salon et très recherché pour les routines professionnelles cheveux texturés.,,,,,,,,,,,,,,,,,,,,,,,,,,,,,,,,,,,,,,,,,,,,,,,,
leisure-curl-booster-ultimate-strength-473-ml,Leisure Curl Booster Ultimate Strength 473 mL,"<p>Le <strong data-start=""1722"" data-end=""1764"">Leisure Curl Booster Ultimate Strength</strong> est un activateur de boucles concentré, conçu pour renforcer la définition et la résistance des cheveux texturés. Idéal pour compléter les services de permanente ou d’entretien des curls en salon.</p>",Leisure Curl,Health & Beauty > Personal Care > Hair Care > Hair Styling Products,COIFFURE,Activateur&Definiseur de Boucles,true,Title,Default Title,,,,,,,,LEC0002,0.0,,0,deny,manual,6.50,,true,true,,,,,"",https://cdn.shopify.com/s/files/1/0864/3087/5985/files/LeisureCurlBoosterUltimateStrength473mL.webp?v=1767446822,1,Leisure Curl Booster (Ultimate Strength) 473 mL bottle on a white background,false,Leisure Curl – Booster (Ultimate Strength) 473mL |ABS France Wholesale,Activateur de boucles professionnel à force maximale pour cheveux texturés. Produit essentiel pour salons. Chez ABS France Wholesale.,1901,,,,,,,,,,,,,,,,,,,,,,,,,curly; wavy,strong,,,,,liquid,,,,,unisex,,,,,g,,,active
leisure-curl-booster-ultimate-strength-473-ml,,,,,,,,,,,,,,,,,,,,,,,,,,,,,,,,https://cdn.shopify.com/s/files/1/0864/3087/5985/files/LeisureCurlBoosterUltimateStrength473mLB.webp?v=1767446953,2,Backside of Leisure Curl Booster (Ultimate Strength) 473 mL bottle on a white background,,,,,,,,,,,,,,,,,,,,,,,,,,,,,,,,,,,,,,,,,,,,,,,,
leisure-curl-cold-wave-regular-41-oz,Leisure Curl Cold Wave Regular 41 OZ,"<p>Le <strong data-start=""2861"" data-end=""2895"">Leisure Curl Cold Wave Regular</strong> est une solution texturisante conçue pour créer des boucles régulières et naturelles sur cheveux texturés. Formule fiable et performante, adaptée à un usage professionnel en salon.</p>",Leisure Curl,Health & Beauty > Personal Care > Hair Care > Hair Styling Products,COIFFURE,"Autres, Defrisage&Assouplissant, Lissage",true,Title,Default Title,,,,,,,,LEC0003,0.0,,0,deny,manual,17.90,,true,true,,,,,"",https://cdn.shopify.com/s/files/1/0864/3087/5985/files/LeisureCurlColdWaveRegular41OZ.webp?v=1767447317,1,Leisure Curl Cold Wave Regular 41 OZ product container on a white background,false,Leisure Curl - Cold Wave (Regular) 41 Oz | ABS France Wholesale,Solution cold wave professionnelle pour boucles régulières et naturelles. Idéale pour services coiffure texturée. ABS France Wholesale.,1901,,,,,,,,,,,,,,,,,,,,,,,,,curly; wavy,medium,,,,,cream; paste,,,,,unisex,,,,,g,,,active
leisure-curl-cold-wave-regular-41-oz,,,,,,,,,,,,,,,,,,,,,,,,,,,,,,,,https://cdn.shopify.com/s/files/1/0864/3087/5985/files/LeisureCurlColdWaveRegular41OZB.webp?v=1767447411,2,Back view of Leisure Curl Cold Wave Regular 41 OZ product container on a white background,,,,,,,,,,,,,,,,,,,,,,,,,,,,,,,,,,,,,,,,,,,,,,,,
leisure-curl-cold-wave-ultimate-strength-41-oz,Leisure Curl Cold Wave Ultimate Strength 41 OZ,"<p>Le <strong data-start=""3919"" data-end=""3963"">Leisure Curl Cold Wave Ultimate Strength</strong> est destiné aux cheveux résistants nécessitant une action renforcée. Il permet de créer des boucles durables et bien structurées, très apprécié par les professionnels spécialisés cheveux texturés.</p>",Leisure Curl,Health & Beauty > Personal Care > Hair Care > Hair Styling Products,COIFFURE,"Autres, Defrisage&Assouplissant, Lissage",true,Title,Default Title,,,,,,,,LEC0004,0.0,,0,deny,manual,17.90,,true,true,,,,,"",https://cdn.shopify.com/s/files/1/0864/3087/5985/files/LeisureCurlColdWaveUltimateStrength41OZ.webp?v=1767448601,1,Leisure Curl Cold Wave (Ultimate Strength) 41 oz product container on a white background,false,Leisure Curl- Cold Wave (Ultimate Strength) 41oz |ABS France Wholesale,Cold wave à force maximale pour cheveux résistants et texturés. Performance professionnelle chez ABS France Wholesale.,1901,,,,,,,,,,,,,,,,,,,,,,,,,curly; wavy,strong,,,,,cream; paste,,,,,unisex,,,,,g,,,active
leisure-curl-cold-wave-ultimate-strength-41-oz,,,,,,,,,,,,,,,,,,,,,,,,,,,,,,,,https://cdn.shopify.com/s/files/1/0864/3087/5985/files/LeisureCurlColdWaveUltimateStrength41OZB.webp?v=1767448666,2,Back view of Leisure Curl Cold Wave (Ultimate Strength) 41 oz product container on a white background,,,,,,,,,,,,,,,,,,,,,,,,,,,,,,,,,,,,,,,,,,,,,,,,
jam-savon-turmeric-gluta-collagene,JAM Savon Turmeric Gluta Collagène,"<p>Savon éclaircissant formulé au curcuma, glutathion et collagène. Nettoie la peau en profondeur tout en aidant à unifier le teint, améliorer l’éclat et préserver l’élasticité. Idéal pour boutiques, instituts et revente cosmétique.</p>",JAM,Health & Beauty > Personal Care > Cosmetics > Bath & Body > Bar Soap,CORPORELS,Savon,true,Title,Default Title,,,,,,,,JAM0001,0.0,,-4,deny,manual,1.90,,true,true,,,,,"",https://cdn.shopify.com/s/files/1/0864/3087/5985/files/JamTurmericGlutaCollagenSoap.png?v=1767454196,1,JAM - Turmeric Gluta Collagen Soap 15g,false,JAM - Savon Turmeric Gluta Collagène - Savon | ABS France Wholesale,"Savon au curcuma, glutathion et collagène pour nettoyage et éclat du teint. Parfait pour la revente professionnelle chez ABS France Wholesale.",2503,,adult,,,,,,,,,,,,,adultes,,,,,,,,,,,,,,,,,,,,tous-types-de-peau,,,,,,g,,,active
vipada-savon-carotte-orange,Vipada Savon Carotte & Orange,"<p>Savon éclaircissant à base de carotte et d’orange, reconnu pour ses propriétés revitalisantes et unifiantes. Aide à améliorer l’éclat naturel de la peau et convient à une clientèle régulière.</p>",Vipada,Health & Beauty > Personal Care > Cosmetics > Bath & Body > Bar Soap,CORPORELS,Savon,true,Title,Default Title,,,,,,,,VIA0001,0.0,,-3,deny,manual,1.90,,true,true,,,,,"",https://cdn.shopify.com/s/files/1/0864/3087/5985/files/VipadaSavonCarotteOrange.png?v=1767457952,1,Vipada - Carrot & Orange Soap,false,Vipada - Savon Carotte & Orange - Savon | ABS France Wholesale,Savon à la carotte et à l’orange pour peau lumineuse et uniforme. Produit idéal pour revente chez ABS France Wholesale.,2503,,adult,,,,,,,,,,,,,adultes,,,,,,,,,,,,,,,,,,,,tous-types-de-peau,,,,,,g,,,active
vipada-savon-carotte-orange,,,,,,,,,,,,,,,,,,,,,,,,,,,,,,,,https://cdn.shopify.com/s/files/1/0864/3087/5985/files/VipadaSavonCarotteOrange_1.png?v=1767458009,2,BacK View of Vipada - Carrot & Orange Soap,,,,,,,,,,,,,,,,,,,,,,,,,,,,,,,,,,,,,,,,,,,,,,,,
jam-savon-anti-acne,JAM Savon Anti-Acné,"<p>Savon purifiant conçu pour les peaux sujettes aux imperfections. Nettoie en profondeur, aide à réduire l’excès de sébum et favorise une peau plus nette. Adapté à une utilisation régulière.</p>",JAM,Health & Beauty > Personal Care > Cosmetics > Bath & Body > Bar Soap,CORPORELS,Savon,true,Title,Default Title,,,,,,,,JAM0002,0.0,,-4,deny,manual,1.90,,true,true,,,,,"",https://cdn.shopify.com/s/files/1/0864/3087/5985/files/JamSavonanti-acne.png?v=1767458206,1,Blue bar of Jam Acne Soap with packaging featuring a woman's face on a white background,false,JAM- Savon Anti-Acné - Savon Nettoyant Purifiant |ABS France Wholesale,Savon anti-acné pour peaux à imperfections. Nettoyage profond et action purifiante pour revente professionnelle.,2503,,,,,,,,,,,,,,,adultes; teens,,,,,,,,,,,,,,,,,,,,oily; problem,,,,,,g,,,active
jam-savon-au-lait-de-riz,JAM Savon au Lait de Riz,"<p>Savon doux enrichi en lait de riz, reconnu pour ses propriétés adoucissantes et éclaircissantes. Aide à unifier le teint et améliorer la texture de la peau.</p>",JAM,Health & Beauty > Personal Care > Cosmetics > Bath & Body > Bar Soap,CORPORELS,Savon,true,Title,Default Title,,,,,,,,JAM0003,0.0,,-3,deny,manual,1.90,,true,true,,,,,"",https://cdn.shopify.com/s/files/1/0864/3087/5985/files/JAMSavonaulaitderiz.png?v=1767458521,1,JAM - Rice Milk Soap packaging with green and blue design on a white background,false,JAM - Savon au Lait de Riz - Savon Unifiant | ABS France Wholesale,Savon au lait de riz pour peau douce et teint uniforme. Idéal pour la vente professionnelle chez ABS France Wholesale.,2503,,adult,,,,,,,,,,,,,all-ages,,,,,,,,,,,,,,,,,,,,tous-types-de-peau,,,,,,g,,,active
jam-savon-au-lait-de-riz,,,,,,,,,,,,,,,,,,,,,,,,,,,,,,,,https://cdn.shopify.com/s/files/1/0864/3087/5985/files/JAM_Savon_au_lait_de_riz_1.png?v=1767458535,2,Four bars of JAM Rice Milk Soap with a visible brand label on a white background,,,,,,,,,,,,,,,,,,,,,,,,,,,,,,,,,,,,,,,,,,,,,,,,
magic-collection-bonnet-de-douche-impermeable-21-xl-noir,"Magic Collection Bonnet de Douche Imperméable 21"" XL Noir","<p>Bonnet de douche imperméable XL 21"", conçu pour protéger les coiffures et les cheveux de l’humidité. Format large adapté aux tresses, perruques et locks. Idéal pour revente accessoires.</p>
<p> </p>",Magic / Murry Collection,Health & Beauty > Personal Care > Cosmetics > Bath & Body > Shower Caps,ACCESSOIRES,"Autres, Bonnets",true,Title,Default Title,,,,,,,,MCN0001,0.0,,0,deny,manual,0.99,,true,true,,,,,"",https://cdn.shopify.com/s/files/1/0864/3087/5985/files/MagicCollectionbonnetdedoucheimpermeable21XLnoir.png?v=1767458791,1,Magic Collection Black shower cap packaging with a model wearing the cap on a white background,false,"Magic Collection - Bonnet de Douche 21"" XL Noir | ABS France Wholesale",Bonnet de douche imperméable XL pour protection capillaire. Accessoire pratique pour boutiques et salons professionnels.,4049,,,,,,,,,,,,,,,,,black,,,,,,,,,,plastic; synthetic,,,,,,,,,,,,,,g,,,active
cantu-kids-curl-refresher-237ml,Cantu Kids Curl Refresher 237ml,"<p>Spray rafraîchissant pour cheveux enfants texturés. Ravive l’hydratation, facilite le démêlage et redonne souplesse aux boucles entre deux coiffages.</p>",Cantu,Health & Beauty > Personal Care > Hair Care > Hair Styling Products > Hair Sprays,CHEVEUX,Coiffant Enfant,true,Title,Default Title,,,,,,,,CAN043,0.0,,0,deny,manual,4.90,,true,true,,,,,"",https://cdn.shopify.com/s/files/1/0864/3087/5985/files/Cantu_Kids_Curl_Refresher_237ml.jpg?v=1768899497,1,Cantu for Kids Curl Refresher 237ml spray bottle by ABS France Wholesale,false,Cantu - Kids Curl Refresher – Cheveux Enfant | ABS France Wholesale ,"Spray hydratant pour boucles enfant, idéal pour usage professionnel. Disponible chez ABS France Wholesale.",1901,,,,,,,,,,,,,,,,,,,shea-butter; coconut-oil; honey,,,,,,curly; wavy,,,,,,spray,,,,,unisex; unisexe,,,,,g,,,active
shea-moisture-daily-hydration-conditioner-384ml,Shea Moisture 100% Virgin Coconut Oil Daily Hydration Conditioner 384ml,"<p data-start=""835"" data-end=""998"">Après-shampooing hydratant enrichi en huile de coco vierge pour nourrir, adoucir et faciliter le démêlage des cheveux secs et texturés.<strong data-start=""1000"" data-end=""1014""></strong></p>",Shea Moisture,Health & Beauty > Personal Care > Hair Care > Shampoo & Conditioner > Conditioners,CHEVEUX,Apres Shampooing,true,Title,Default Title,,,,,,,,SM0006,0.0,,0,deny,manual,8.50,,true,true,,,,,"",https://cdn.shopify.com/s/files/1/0864/3087/5985/files/Shea_Moisture_Daily_Hydration_Conditioner.png?v=1768901490,1,Shea Moisture 100% Virgin Coconut Oil Daily Hydration Conditioner 384ml bottle by ABS France Wholesale,false,Shea Moisture Daily Hydration Conditioner 384ml | ABS France Wholesale,100% Virgin Coconut Oil Daily Hydration Conditioner Soin hydratant à l’huile de coco pour cheveux secs et naturels. Produit professionnel ABS France Wholesale.,543616,,adult,,,,,,,,,,,,,adultes; all-ages,,,moisturizing; nourishing; smoothing,coconut-oil; acacia-honey,,,,,,,,,,,fair-trade,,,,sec; all-hair-types,,unisex,,,,,g,,,active
eco-styler-coconut-oil-gel-5lb,Eco Styler Coconut Oil Gel 5lb,"<p>Gel coiffant professionnel à fixation durable, enrichi en huile de coco pour brillance et contrôle longue durée. Grand format salon.</p>",Eco Styler,Health & Beauty > Personal Care > Hair Care > Hair Styling Products > Hair Gels,COIFFURE,Cire & Gel,true,Title,Default Title,,,,,,,,ECO031,0.0,,0,deny,manual,9.90,,true,true,,,,,"",https://cdn.shopify.com/s/files/1/0864/3087/5985/files/Eco_Styler_Coconut_Oil_Gel_5lb.png?v=1768905217,1,Eco Styler - Coconut Oil Gel 5lb - ABS France Wholesale,false,Eco Styler - Coconut Oil Styling Gel 5lb | ABS France Wholesale,Gel coiffant professionnel grand format pour cheveux texturés. Disponible chez ABS France Wholesale.,1901,,,,,,,,,,,,,,,,,,,coconut-oil,,,glossy; brillant,,,curly; dry; normal; straight; wavy,strong,,,,,gel,,,,,unisex,,,,,g,,,active
dax-green-gold-14oz,DAX Green & Gold 14oz,"<p>Pommade nourrissante formulée pour hydrater le cuir chevelu sec, réduire la casse et améliorer la maniabilité des cheveux.</p>",Dax,Health & Beauty > Personal Care > Hair Care > Hair Styling Products > Hair Pomades & Waxes,COIFFURE,Cire & Gel,true,Title,Default Title,,,,,,,,DAX009,0.0,,0,deny,manual,4.90,,true,true,,,,,"",https://cdn.shopify.com/s/files/1/0864/3087/5985/files/DAX_Green_and_Gold.jpg?v=1768906304,1,DAX Green and Gold hair wax container by ABS France Wholesale,false,DAX Green & Gold 14oz | ABS France Wholesale,Pommade capillaire nourrissante pour cheveux secs. Usage professionnel ABS France Wholesale.,1901,,,,,,,,,,,,,,,,,,,,,,glossy; brillant,,,curly; straight; wavy; normal; dry,strong,,,,,,,,,,unisex,,,,,g,,,active
dax-green-gold-7oz,DAX Green & Gold 7.5oz,<p>Version compacte de la pommade DAX Green &amp; Gold pour hydratation quotidienne et coiffage souple.</p>,Dax,Health & Beauty > Personal Care > Hair Care > Hair Styling Products > Hair Pomades & Waxes,COIFFURE,Cire & Gel,true,Title,Default Title,,,,,,,,DAX010,0.0,,0,deny,manual,3.90,,true,true,,,,,"",https://cdn.shopify.com/s/files/1/0864/3087/5985/files/DAX_Green_and_Gold.jpg?v=1768906304,1,DAX Green and Gold hair wax container by ABS France Wholesale,false,DAX Green & Gold 7.5oz | ABS France Wholesale,Pommade capillaire hydratante format pratique. Disponible chez ABS France Wholesale.,,,,,,,,,,,,,,,,,,,,,,,brillant,,,curly; straight; wavy; normal; dry,strong,,,,,,,,,,unisex,,,,,g,,,active
african-pride-shea-miracle-bouncy-curl-pudding-15oz,African Pride Shea Miracle Bouncy Curl Pudding 15oz,"<p>Crème définissante pour boucles souples, rebondies et sans frisottis. Idéale pour cheveux bouclés et crépus.</p>",African Pride,Health & Beauty > Personal Care > Hair Care > Hair Styling Products > Hair Creams & Lotions,COIFFURE,Crème Coiffante,true,Title,Default Title,,,,,,,,AP0036,0.0,,0,deny,manual,4.90,,true,true,,,,,"",https://cdn.shopify.com/s/files/1/0864/3087/5985/files/African_Pride_Shea_Miracle_Bouncy_Curl_Pudding.jpg?v=1768916558,1,African Pride Shea Miracle Bouncy Curls Pudding 15oz jar by ABS France Wholesale,false,African Pride - Shea Miracle Bouncy Curl Pudding |ABS France Wholesale,Crème définissante pour boucles naturelles. Produit professionnel ABS France Wholesale.,,,,,,,,,,,,,,,,,,,,,,,,,,,,,,,,,,,,,,,,,,g,,,active
african-pride-shea-miracle-bouncy-curl-pudding-15oz,,,,,,,,,,,,,,,,,,,,,,,,,,,,,,,,https://cdn.shopify.com/s/files/1/0864/3087/5985/files/African_Pride_Shea_Miracle_Bouncy_Curl_Pudding_HTU.jpg?v=1768916619,2,African Pride Shea Miracle Bouncy Curl Pudding 15oz by ABS France Wholesale with usage instructions on a beige background,,,,,,,,,,,,,,,,,,,,,,,,,,,,,,,,,,,,,,,,,,,,,,,,
african-pride-shea-miracle-bouncy-curl-pudding-15oz,,,,,,,,,,,,,,,,,,,,,,,,,,,,,,,,https://cdn.shopify.com/s/files/1/0864/3087/5985/files/African_Pride_Shea_Miracle_Bouncy_Curl_Pudding_ING.jpg?v=1768916688,3,African Pride Shea Miracle Bouncy Curl Pudding by ABS France Wholesale with key ingredients Shea Butter & Mango Butter highlighted on a beige background,,,,,,,,,,,,,,,,,,,,,,,,,,,,,,,,,,,,,,,,,,,,,,,,
african-pride-shea-miracle-bouncy-curl-pudding-15oz,,,,,,,,,,,,,,,,,,,,,,,,,,,,,,,,https://cdn.shopify.com/s/files/1/0864/3087/5985/files/African_Pride_Shea_Miracle_Bouncy_Curl_Pudding_size.jpg?v=1768916732,4,African Pride Shea Miracle Bouncy Curl Pudding 15oz jar by ABS France Wholesale held in a hand with measurements shown,,,,,,,,,,,,,,,,,,,,,,,,,,,,,,,,,,,,,,,,,,,,,,,,
african-pride-shea-miracle-bouncy-curl-pudding-15oz,,,,,,,,,,,,,,,,,,,,,,,,,,,,,,,,https://cdn.shopify.com/s/files/1/0864/3087/5985/files/African_Pride_Shea_Miracle_Bouncy_Curl_Pudding_back.jpg?v=1768916787,5,Back view of African Pride Shea Miracle Bouncy Curl Pudding 15oz jar by ABS France Wholesale,,,,,,,,,,,,,,,,,,,,,,,,,,,,,,,,,,,,,,,,,,,,,,,,
african-pride-shea-miracle-bouncy-curl-pudding-15oz,,,,,,,,,,,,,,,,,,,,,,,,,,,,,,,,https://cdn.shopify.com/s/files/1/0864/3087/5985/files/African_Pride_Shea_Miracle_Bouncy_Curl_Pudding_side.jpg?v=1768916819,6,Side view of African Pride Shea Miracle Bouncy Curl Pudding 15oz jar by ABS France Wholesale,,,,,,,,,,,,,,,,,,,,,,,,,,,,,,,,,,,,,,,,,,,,,,,,
african-pride-shea-miracle-silky-curls-hair-moisturizer-12oz,African Pride Shea Miracle Silky Curls Hair Moisturizer 12oz,"<p data-start=""2788"" data-end=""2915"">Crème hydratante quotidienne qui adoucit les cheveux secs et améliore leur brillance sans alourdir.<strong data-start=""2917"" data-end=""2931""></strong></p>",African Pride,Health & Beauty > Personal Care > Hair Care > Hair Styling Products > Hair Creams & Lotions,CHEVEUX,"Activateur&Definiseur de Boucles, Crème Coiffante",true,Title,Default Title,,,,,,,,AP0037,0.0,,0,deny,manual,4.90,,true,true,,,,,"",https://cdn.shopify.com/s/files/1/0864/3087/5985/files/African_Pride_Shea_Miracle_Silky_Curls_Hair_Moisturizer.png?v=1768919873,1,African Pride Shea Miracle Silky Curls Hair Moisturizer 355ml/12oz - ABS France Wholesale,false,African Pride Shea Miracle Silky Hair Moisturizer ABS France Wholesale,Hydratant capillaire pour cheveux secs et texturés. Disponible chez ABS France Wholesale.,,,,,,,,,,,,,,,,,,,,,,,,,,,,,,,,,,,,,,,,,,g,,,active
african-pride-shea-miracle-silky-curls-hair-moisturizer-12oz,,,,,,,,,,,,,,,,,,,,,,,,,,,,,,,,https://cdn.shopify.com/s/files/1/0864/3087/5985/files/African_Pride_Shea_Miracle_Silky_Curls_Hair_Moisturizer_Back.png?v=1768919910,2,Back side of African Pride Shea Miracle Silky Curls Hair Moisturizer 12oz by ABS France Wholesale,,,,,,,,,,,,,,,,,,,,,,,,,,,,,,,,,,,,,,,,,,,,,,,,
african-pride-shea-miracle-silky-curls-hair-moisturizer-12oz,,,,,,,,,,,,,,,,,,,,,,,,,,,,,,,,https://cdn.shopify.com/s/files/1/0864/3087/5985/files/African_Pride_Shea_Miracle_Silky_Curls_Hair_Moisturizer_ING.jpg?v=1768920011,3,Key Ingredients of African Pride Shea Miracle Silky Curls Hair Moisturizer 12oz by ABS France Wholesale ,,,,,,,,,,,,,,,,,,,,,,,,,,,,,,,,,,,,,,,,,,,,,,,,
african-pride-shea-miracle-silky-curls-hair-moisturizer-12oz,,,,,,,,,,,,,,,,,,,,,,,,,,,,,,,,https://cdn.shopify.com/s/files/1/0864/3087/5985/files/African_Pride_Shea_Miracle_Silky_Curls_Hair_Moisturizer_Scale.jpg?v=1768920052,4,Measurement of African Pride Shea Miracle Silky Curls Hair Moisturizer 12oz by ABS France Wholesale,,,,,,,,,,,,,,,,,,,,,,,,,,,,,,,,,,,,,,,,,,,,,,,,
yari-fast-locks-black,Yari Fast Locks Black,"<p data-start=""3143"" data-end=""3274"">Gel fixant spécialement conçu pour locks, twists et coiffures protectrices. Fixation propre et durable.<strong data-start=""3276"" data-end=""3290""></strong></p>",Yari,Health & Beauty > Personal Care > Hair Care > Hair Styling Products > Hair Gels,COIFFURE,Cire & Gel,true,Title,Default Title,,,,,,,,YAR001,0.0,,0,deny,manual,4.99,,true,true,,,,,"",https://cdn.shopify.com/s/files/1/0864/3087/5985/files/Yari_Fast_Locks_Black.png?v=1768920964,1,YARI Fast Locks Black hair gel jar by ABS France Wholesale,false,Yari - Fast Locks (Black) | ABS France Wholesale,Gel fixant professionnel pour locks et twists. ABS France Wholesale.,,,,,,,,,,,,,,,,,,,,,,,glossy; brillant,,,curly; wavy,strong,,,,,gel,,,,,unisex,,,,,g,,,active
taliah-waajid-lock-it-up-6oz,Taliah Waajid Lock It Up 6oz,"<p data-end=""3600"" data-start=""3478"">Gel coiffant professionnel pour locks et twists offrant maintien, brillance et finition nette.<strong data-end=""3616"" data-start=""3602""></strong></p>",Taliah Waajid,Health & Beauty > Personal Care > Hair Care > Hair Styling Products > Hair Gels,COIFFURE,"Cire & Gel, Crème Coiffante",true,Title,Default Title,,,,,,,,TWB001,170.09713875,,0,deny,manual,7.90,,true,true,,,,,"",https://cdn.shopify.com/s/files/1/0864/3087/5985/files/Taliah_Waajid_Lock_It_Up_6oz.jpg?v=1768922694,1,Taliah Waajid Lock It Up 6oz - ABS France Wholesale,false,Taliah Waajid Lock It Up 6oz - Gel Coiffante | ABS France Wholesale,Gel fixant locks &amp; twists pour usage professionnel. Disponible chez ABS France Wholesale.,,,,,,,,,,,,,,,,,,,,rosemary-oil,,,other,,,normal; wavy; curly; straight,strong,,,,,gel,,,,,unisex; unisexe,,,,,oz,,,active
ors-hairestore-hair-mayonnaise-16oz,ORS HAIRestore Hair Mayonnaise 16oz,"<p data-start=""3824"" data-end=""3955"">Soin capillaire profond enrichi en protéines pour réparer, renforcer et nourrir les cheveux fragilisés.</p>",ORS,Health & Beauty > Personal Care > Hair Care > Hair Treatments,CHEVEUX,Masque Capillaire,true,Title,Default Title,,,,,,,,ORS058,453.59237,,0,deny,manual,6.90,,true,true,,,,,"",https://cdn.shopify.com/s/files/1/0864/3087/5985/files/ORS_HAIRestore_Hair_Mayonnaise_16oz.jpg?v=1768924191,1,ORS HAIRestore Hair Mayonnaise 16oz/454g - ABS France Wholesale,false,ORS HAIRestore Hair Mayonnaise - soin capillaire |ABS France Wholesale,Soin réparateur intensif pour cheveux abîmés. ABS France Wholesale.,543616,,adult,,,,,,,,,,,,,adultes,,,repair; strengthening; nourishing,,,,,,,,,,,,,,,,damaged; dyed; treated,,unisex,,,,,oz,,,active
dexe-super-black-hair-dye-cream,DEXE Super Black Hair Dye Cream,"<p data-start=""5520"" data-end=""5645"">Fibre capillaire conçue pour masquer les zones clairsemées et densifier visuellement les cheveux.<br></p>",DEXE,Health & Beauty > Personal Care > Hair Care > Hair Color,COIFFURE,Coloration,true,Title,Default Title,,,,,,,,DEX001,0.0,,0,deny,manual,1.35,,true,true,,,,,"",https://cdn.shopify.com/s/files/1/0864/3087/5985/files/DEXE_Super_Black_Hair_Dye_Cream.png?v=1768925429,1,"DEXE Super Black Hair Dye Cream by ABS France Wholesale including a box, tube, and white bottle",false,DEXE Super Black Hair Dye Cream - Coloration | ABS France Wholesale,Fibre capillaire densifiante professionnelle. ABS France Wholesale.,2814,,,,,,,,,,,,,,,,,black,,,,,,,,,,,,,,,,,,,unisex,,,,,g,,,active
ors-olive-oil-sheen-spray-original-10oz,ORS Olive Oil Sheen Spray Original 10oz,"<p data-start=""4158"" data-end=""4282"">Spray brillant à l’huile d’olive pour hydrater, protéger et donner un fini lumineux aux cheveux.<strong data-start=""4284"" data-end=""4298""></strong></p>",ORS,Health & Beauty > Personal Care > Hair Care > Hair Styling Products,COIFFURE,Spray Cheveux,true,Title,Default Title,,,,,,,,ORS059,283.49523125,,0,deny,manual,3.20,,true,true,,,,,"",https://cdn.shopify.com/s/files/1/0864/3087/5985/files/ORS_Olive_Oil_Sheen_Spray_Original_10oz.png?v=1768926496,1,ORS Olive Oil Sheen Spray Original 10oz - ABS France Wholesale,false,ORS Olive Oil Sheen Spray 10oz - Spray Cheveux | ABS France Wholesale,Spray brillance professionnel à l’huile d’olive. Disponible chez ABS France Wholesale.,1901,,,,,,,,,,,,,,,,,,,olive-oil,,,brillant,,,curly; dry; normal; straight; wavy,,,,,,spray,,,,,unisex,,,,,oz,,,active
ors-organic-root-stimulator-anti-itch-scalp-oil-130ml,ORS Organic Root Stimulator Anti-itch Scalp Oil 130ml,"<p>Huile traitante pour cuir chevelu sec et irrité, aide à apaiser les démangeaisons et nourrir le cuir chevelu.</p>",ORS,Health & Beauty > Personal Care > Hair Care > Hair Treatments > Hair Oils,CHEVEUX,Huile Capillaire,true,Title,Default Title,,,,,,,,ORS060,124.73790175,,0,deny,manual,4.90,,true,true,,,,,"",https://cdn.shopify.com/s/files/1/0864/3087/5985/files/ORS_Anti_itch_Scalp_Oil_130ml.png?v=1768927200,1,ORS Organic Root Stimulator Anti-itch Scalp Oil 130ml - ABS France Wholesale,false,ORS Organic Root Stimulator Anti-itch Scalp Oil | ABS France Wholesale,Huile cuir chevelu anti-démangeaison. Usage professionnel ABS France Wholesale.,,,,,,,,,,,,,,,,,,,,,,,,,,,,,,,,,,,,,,,,,,oz,,,active
ic-fantasia-pm-night-time-oil-treatment-8oz,IC Fantasia P.M. Night Time Oil Treatment 8oz,<p>Soin capillaire nocturne enrichi en huiles nourrissantes pour restaurer les cheveux pendant le sommeil.</p>,IC Fantasia,Health & Beauty > Personal Care > Hair Care > Hair Treatments > Hair Oils,CHEVEUX,Huile Capillaire,true,Title,Default Title,,,,,,,,ICF009,226.796185,,0,deny,manual,7.90,,true,true,,,,,"",https://cdn.shopify.com/s/files/1/0864/3087/5985/files/IC_Fantasia_PM_Night_Time_Oil_Treatment_8oz.png?v=1768928066,1,Bottle of IC Fantasia P.M. Night Time Oil Treatment 8oz by ABS France Wholesale,false,IC Fantasia P.M. Night Time Oil Treatment 8oz | ABS France Wholesale,Huile de soin nocturne capillaire professionnelle. ABS France Wholesale.,,,,,,,,,,,,,,,,,,,,,,,,,,,,,,,,,,,,,,,,,,oz,,,active
ic-fantasia-pm-night-time-oil-treatment-8oz,,,,,,,,,,,,,,,,,,,,,,,,,,,,,,,,https://cdn.shopify.com/s/files/1/0864/3087/5985/files/Sanstitre_244x500px_2000x2000px_7.png?v=1768927969,2,"",,,,,,,,,,,,,,,,,,,,,,,,,,,,,,,,,,,,,,,,,,,,,,,,
mekako-gel-douche-1000ml,MEKAKO Gel Douche 1000ml,"<p data-start=""5210"" data-end=""5326"">Gel douche nettoyant conçu pour un usage quotidien, laisse la peau propre et rafraîchie.</p>",MEKAKO,Health & Beauty > Personal Care > Cosmetics > Bath & Body > Body Wash,CORPORELS,Gel Douche,true,Title,Default Title,,,,,,,,MEK001,0.0,,0,deny,manual,7.90,,true,true,,,,,"",https://cdn.shopify.com/s/files/1/0864/3087/5985/files/MEKAKO_Gel_Douche_1000ml.png?v=1768984065,1,MEKAKO Gel Douche 1000ml - ABS France Wholesale,false,MEKAKO - Gel Douche Eclaircissant 1000ml | ABS France Wholesale,Gel douche pour usage professionnel. Disponible chez ABS France Wholesale.,2747,,adult,,,,,,,,,,,,,adultes,full-body,,,,,,,,,,,,,bouteille-en-plastique,,gel,,,,tous-types-de-peau,,,,,,g,,,active
palmer-daily-skin-therapy-cocoa-butter-body-lotion-250ml,Palmer's Daily Skin Therapy Cocoa Butter Body Lotion 250ml,"<p data-end=""5980"" data-start=""5849"">Lotion corporelle hydratante au beurre de cacao pour nourrir la peau sèche et améliorer son élasticité.</p>",Palmer's,Health & Beauty > Personal Care > Cosmetics > Skin Care > Lotions & Moisturizers,CORPORELS,Lait Corporel Hydratant,true,Title,Default Title,,,,,,,,PAL002,240.9709465625,,0,deny,manual,3.90,,true,true,,,,,"",https://cdn.shopify.com/s/files/1/0864/3087/5985/files/Palmer_Cocoa_Butter_Body_Lotion_250ml.png?v=1768990255,1,Palmer's Daily Skin Therapy Cocoa Butter Body Lotion 250ml - ABS France Wholesale,false,Palmer's Cocoa Butter Body Lotion 250ml | ABS France Wholesale,Lotion hydratante professionnelle au beurre de cacao. ABS France Wholesale.,2592,,adult,,,,,,,,,,,,,adultes,,,,cocoa-butter; vitamin-e,hydratant; nourrissant; moisturizing; soothing,,,,,,,,,bouteille-en-plastique,dermatologist-tested,lotion,,,,dry; sensitive,,,,,,oz,,,active
ic-fantasia-firm-hold-spritz-10oz,IC Fantasia Firm Hold Spritz 10oz,"<p data-end=""539"" data-start=""376"">Spray coiffant professionnel offrant fixation légère à moyenne, idéal pour styles souples, wraps et mises en forme durables sans résidus.<strong data-end=""555"" data-start=""541""></strong></p>",IC Fantasia,Health & Beauty > Personal Care > Hair Care > Hair Styling Products,COIFFURE,Spray Cheveux,true,Title,Default Title,,,,,,,,ICF022,283.49523125,,0,deny,manual,7.90,,true,true,,,,,"",https://cdn.shopify.com/s/files/1/0864/3087/5985/files/IC_Fantasia_Firm_Hold_Spritz_10oz.jpg?v=1768993714,1,Bottle of Fantasia Liquid Mousse Spritz Hairspray by ABS France Wholesale on a white background,false,IC Fantasia Firm Hold Spritz 10oz Spray Cheveux | ABS France Wholesale,Spray coiffant professionnel pour fixation et brillance. Disponible chez ABS France Wholesale.,1901,,,,,,,,,,,,,,,,,,,,,,,,,curly; wavy,strong,,,,,spray; oil,,,,,unisex,,,,,oz,,,active
dark-lovely-beautiful-beginnings-cuddling-oil-moisturiser-lotion-250ml,Dark & Lovely Beautiful Beginnings Cuddling Oil Moisturiser Lotion 250ml,"<p data-start=""798"" data-end=""949"">Lotion capillaire douce spécialement formulée pour les cheveux enfants, hydrate et protège les cheveux fragiles au quotidien.<strong data-start=""951"" data-end=""965""></strong></p>",Dark & Lovely,Health & Beauty > Personal Care > Hair Care,CHEVEUX,Coiffant Enfant,true,Title,Default Title,,,,,,,,DAL001,0.0,,0,deny,manual,2.90,,true,true,,,,,"",https://cdn.shopify.com/s/files/1/0864/3087/5985/files/Dark_Lovely_Beautiful_Beginnings_Cuddling_Oil_Moisturiser_Lotion_250ML.jpg?v=1768994849,1,Dark & Lovely - Beautiful Beginnings Cuddling Oil Moisturiser Lotion 250ml - ABS France Wholesale,false,Dark & Lovely Beautiful Beginnings Lotion 250ml | ABS France Wholesale,Dark & Lovely Beautiful Beginnings Cuddling Oil Moisturiser Lotion hydratante enfant pour cheveux texturés. Usage professionnel ABS France Wholesale.,486,,,,,,,,,,,,,,,,,,,,,,,,,,,,,,,,,,,,unisex,,,,,g,,,active
dark-lovely-beautiful-beginnings-cuddling-oil-moisturiser-lotion-250ml,,,,,,,,,,,,,,,,,,,,,,,,,,,,,,,,https://cdn.shopify.com/s/files/1/0864/3087/5985/files/Enriched_With_Aloe_Vera_ABS_France_Wholesale.jpg?v=1768994936,2,Enriched With Aloe Vera - ABS France Wholesale,,,,,,,,,,,,,,,,,,,,,,,,,,,,,,,,,,,,,,,,,,,,,,,,
dark-lovely-beautiful-beginnings-cuddling-oil-moisturiser-lotion-250ml,,,,,,,,,,,,,,,,,,,,,,,,,,,,,,,,https://cdn.shopify.com/s/files/1/0864/3087/5985/files/Dark_Lovely_Beautiful_Beginnings_Cuddling_Oil_Moisturiser_Lotion.jpg?v=1768994962,3,Dark & Lovely Beautiful Beginnings Cuddling Oil Moisturiser Lotion 250ML - ABS France Wholesale,,,,,,,,,,,,,,,,,,,,,,,,,,,,,,,,,,,,,,,,,,,,,,,,
dark-lovely-beautiful-beginnings-2-in-1-easy-shampoo-250ml,Dark & Lovely Beautiful Beginnings 2-in-1 Easy Shampoo 250ml,"<p data-end=""1344"" data-start=""1206"">Shampooing doux sans agression, nettoie délicatement les cheveux des enfants tout en respectant le cuir chevelu.<strong data-end=""1360"" data-start=""1346""></strong></p>",Dark & Lovely,Health & Beauty > Personal Care > Hair Care > Shampoo & Conditioner > Shampoo,Shampooing,"Coiffant Enfant, Shampooing",true,Title,Default Title,,,,,,,,DAL002,0.0,,0,deny,manual,2.90,,true,true,,,,,"",https://cdn.shopify.com/s/files/1/0864/3087/5985/files/Dark_Lovely_Beautiful_Beginnings_Shampoo_250ml.jpg?v=1768995984,1,Bottle of Dark & Lovely Beautiful Beginnings 2-in-1 Easy Shampoo 250ml by ABS France Wholesale,false,Dark & Lovely Beautiful Beginnings Shampoo 250ml |ABS France Wholesale,Shampooing enfant doux et nourrissant. Disponible chez ABS France Wholesale.,543615,,kids,,,,,,,,,,,,,kids,,,,aloe-vera; coconut-oil,,,,,,,,,,,,liquid,,,all-hair-types,,unisex,,,,,g,,,active
dark-lovely-beautiful-beginnings-2-in-1-easy-shampoo-250ml,,,,,,,,,,,,,,,,,,,,,,,,,,,,,,,,https://cdn.shopify.com/s/files/1/0864/3087/5985/files/Infused_with_Coconut_Oil_and_Aloe_Vera.jpg?v=1768996162,2,"Aloe vera leaves with coconut oil being poured over them, labeled 'Infused with Coconut Oil and Aloe Vera'.",,,,,,,,,,,,,,,,,,,,,,,,,,,,,,,,,,,,,,,,,,,,,,,,
dark-lovely-beautiful-beginnings-2-in-1-easy-shampoo-250ml,,,,,,,,,,,,,,,,,,,,,,,,,,,,,,,,https://cdn.shopify.com/s/files/1/0864/3087/5985/files/Dark_Lovely_Beautiful_Beginnings_Shampoo.jpg?v=1768996143,3,Dark & Lovely Beautiful Beginnings 2-in-1 Easy Shampoo 250ml - ABS France Wholesale,,,,,,,,,,,,,,,,,,,,,,,,,,,,,,,,,,,,,,,,,,,,,,,,
dark-and-lovely-beautiful-beginnings-detangler-spray-250ml,Dark & Lovely Beautiful Beginnings Detangler Spray 250ml,"<p>Spray démêlant et hydratant pour enfants, facilite le coiffage et réduit la casse.<br></p>",Dark & Lovely,Health & Beauty > Personal Care > Hair Care > Hair Styling Products,COIFFURE,Demelant Enfant,true,Title,Default Title,,,,,,,,DAL003,0.0,,0,deny,manual,2.90,,true,true,,,,,"",https://cdn.shopify.com/s/files/1/0864/3087/5985/files/Dark_and_Lovely_Beautiful_Beginnings_Ouchless_Detangler_Spray_250ml.jpg?v=1768996995,1,Dark and Lovely Beautiful Beginnings Ouchless Detangler Spray 250ml bottle by ABS France Wholesale,false,Dark&Lovely Beautiful Beginnings Detangler Spray |ABS France Wholesale,Spray hydratant enfant pour cheveux texturés. ABS France Wholesale.,1901,,,,,,,,,,,,,,,,,,,aloe-vera; coconut-oil,,,,,,curly; wavy,,,,,,spray,,,,,unisex,,,,,g,,,active
dark-and-lovely-beautiful-beginnings-detangler-spray-250ml,,,,,,,,,,,,,,,,,,,,,,,,,,,,,,,,https://cdn.shopify.com/s/files/1/0864/3087/5985/files/Infused_with_Coconut_Oil_and_Aloe_Vera.jpg?v=1768996162,2,"Aloe vera leaves with coconut oil being poured over them, labeled 'Infused with Coconut Oil and Aloe Vera'.",,,,,,,,,,,,,,,,,,,,,,,,,,,,,,,,,,,,,,,,,,,,,,,,
dark-and-lovely-beautiful-beginnings-detangler-spray-250ml,,,,,,,,,,,,,,,,,,,,,,,,,,,,,,,,https://cdn.shopify.com/s/files/1/0864/3087/5985/files/4-3.jpg?v=1768996925,3,"",,,,,,,,,,,,,,,,,,,,,,,,,,,,,,,,,,,,,,,,,,,,,,,,
dark-and-lovely-gro-strong-anti-dandruff-hair-food-250ml,Dark & Lovely Gro Strong Anti-Dandruff Hair Food 250ml,<p>Soin capillaire nourrissant conçu pour réduire les pellicules et apaiser le cuir chevelu sec.</p>,Dark & Lovely,Health & Beauty > Personal Care > Hair Care,CHEVEUX,Soins Sans Rincage,true,Title,Default Title,,,,,,,,DAL004,0.0,,0,deny,manual,2.90,,true,true,,,,,"",https://cdn.shopify.com/s/files/1/0864/3087/5985/files/Dark_and_Lovely_Gro_Strong_Anti_Dandruff_Hair_Food_250ml.jpg?v=1769002707,1,Jar of Dark and Lovely Gro Strong Anti-Dandruff Hair Food 250ml by ABS France Wholesale,false,Dark & Lovely Gro Strong Anti-Dandruff Hair Food |ABS France Wholesale,Hairfood anti-pelliculaire pour cuir chevelu sec. Usage pro ABS France Wholesale.,486,,,,,,,,,,,,,,,,,,strengthening; nourishing; anti-dandruff,,,,,,,,,,,,,,,,tous-types-de-cheveux,,unisex,,,,,g,,,active
dark-and-lovely-gro-strong-anti-dandruff-hair-food-250ml,,,,,,,,,,,,,,,,,,,,,,,,,,,,,,,,https://cdn.shopify.com/s/files/1/0864/3087/5985/files/Infused_with_Peppermint.jpg?v=1769002747,2,Mint leaves with water droplets and text 'Infused with Peppermint' and 'Known for its soothing properties'. - ABS France Wholesale ,,,,,,,,,,,,,,,,,,,,,,,,,,,,,,,,,,,,,,,,,,,,,,,,
dark-and-lovely-gro-strong-anti-breakage-hair-food-250ml,Dark & Lovely Gro Strong Anti-Breakage Hair Food 250ml,<p>Crème capillaire fortifiante qui aide à réduire la casse et renforcer les cheveux fragiles.</p>,Dark & Lovely,Health & Beauty > Personal Care > Hair Care,CHEVEUX,Soins Sans Rincage,true,Title,Default Title,,,,,,,,DAL005,0.0,,0,deny,manual,2.90,,true,true,,,,,"",https://cdn.shopify.com/s/files/1/0864/3087/5985/files/Dark_and_Lovely_Gro_Strong_Anti_Breakage_Hair_Food_250ml.jpg?v=1769003794,1,Purple jar of Dark and Lovely Gro Strong Anti-Breakage Hair Food 250ml by ABS France Wholesale.,false,Dark & Lovely Gro Strong Anti-Breakage Hair Food |ABS France Wholesale,Soin fortifiant anti-casse pour cheveux texturés. ABS France Wholesale.,486,,,,,,,,,,,,,,,,,,nourishing; moisturizing; shine; smoothing; repair,,,,,,,,,,,,,,,,brittle; damaged,,unisex,,,,,g,,,active
dark-and-lovely-gro-strong-anti-breakage-hair-food-250ml,,,,,,,,,,,,,,,,,,,,,,,,,,,,,,,,https://cdn.shopify.com/s/files/1/0864/3087/5985/files/ENRICHED_WITH_SUNFLOWER_OILS_AND_VITAMINS.jpg?v=1769003895,2,Sunflowers with oil droplets with text 'ENRICHED WITH OILS AND VITAMINS' about moisturizing and strengthening properties - ABS France Wholsale,,,,,,,,,,,,,,,,,,,,,,,,,,,,,,,,,,,,,,,,,,,,,,,,
dark-and-lovely-intensive-body-lotion-moisture-plus-rich-coconut-oil-200ml,Dark & Lovely Intensive Body Lotion Moisture Plus Rich Coconut Oil 200ml,<p>Lotion corporelle hydratante à la noix de coco pour nourrir et adoucir la peau sèche.<br></p>,Dark & Lovely,Health & Beauty > Personal Care > Cosmetics > Skin Care > Lotions & Moisturizers,CORPORELS,Lait Corporel Hydratant,true,Title,Default Title,,,,,,,,DAL006,0.0,,0,deny,manual,4.90,,true,true,,,,,"",https://cdn.shopify.com/s/files/1/0864/3087/5985/files/Dark-and-Lovely-Intensive-Body-Lotion-Moisture-Plus-Rich-Coconut-Oil-200ml.jpg?v=1769004889,1,Dark and Lovely Intensive Body Lotion Moisture Plus Rich Coconut Oil 200ml - ABS France Wholesale,false,Dark & Lovely Intensive Body Lotion Coconut Oil | ABS France Wholesale,Lotion corporelle hydratante à la coco. Disponible chez ABS France Wholesale.,2592,,adult,,,,,,,,,,,,,all-ages,full-body,,,coconut-oil,moisturizing,,,,,,,,all-day,bouteille-en-plastique,,lotion,,moisturizing,,dry,,,,,,g,,,active
dark-and-lovely-gro-strong-anti-dryness-hair-food-250ml,Dark & Lovely Gro Strong Anti-Dryness Hair Food 250ml,"<p>Soin nourrissant pour cheveux secs, apporte hydratation, douceur et brillance.</p>",Dark & Lovely,Health & Beauty > Personal Care > Hair Care,CHEVEUX,Soins Sans Rincage,true,Title,Default Title,,,,,,,,DAL007,0.0,,0,deny,manual,2.90,,true,true,,,,,"",https://cdn.shopify.com/s/files/1/0864/3087/5985/files/Dark_and_Lovely_Gro_Strong_Anti_Dryness_Hair_Food_250ml.jpg?v=1769006750,1,Purple jar of Dark and Lovely Gro Strong Anti-Dryness Hair Food 250ml by ABS France Wholesale,false,Dark & Lovely Gro Strong Anti-Dryness Hair Food |ABS France Wholesale,Hairfood nourrissant pour cheveux secs. Usage professionnel ABS France Wholesale.,486,,,,,,,,,,,,,,,,,,,,,,,,,,,,,,,,,,,,unisex,,,,,g,,,active
dark-and-lovely-gro-strong-anti-dryness-hair-food-250ml,,,,,,,,,,,,,,,,,,,,,,,,,,,,,,,,https://cdn.shopify.com/s/files/1/0864/3087/5985/files/Infused_with_Coconut_Oil.jpg?v=1769006952,2,Coconut halves and oil droplets with text 'Infused with Coconut Oil' and 'Known for their moisturising and strengthening properties'. ABS France Wholesale.,,,,,,,,,,,,,,,,,,,,,,,,,,,,,,,,,,,,,,,,,,,,,,,,
st-ives-rose-water-and-aloe-face-scrub-6oz,St. Ives Rose Water & Aloe Face Scrub 6oz,<p>Gommage doux à l’eau de rose pour exfolier délicatement la peau et raviver l’éclat.</p>,St. Ives,Health & Beauty > Personal Care > Cosmetics > Skin Care > Facial Cleansers,CORPORELS,"Autres, Crème Hydratante Visage, gommage",true,Title,Default Title,,,,,,,,STI001,0.0,,0,deny,manual,4.90,,true,true,,,,,"",https://cdn.shopify.com/s/files/1/0864/3087/5985/files/St_Ives_Rose_Water_Aloe_Face_Scrub_Facial_Micro_Exfoliant_for_Sensitive_Skin_6oz.png?v=1769007615,1,St. Ives Rose Water & Aloe Face Scrub Facial Micro-Exfoliant for Sensitive Skin 6oz - ABS France Wholesale,false,St. Ives Rose Water & Aloe Face Scrub 6oz | ABS France Wholesale,Gommage exfoliant doux pour la peau. Disponible chez ABS France Wholesale.,2526,,,,,,,,,,,,,,,,,,,aloe-vera; rose-extract,,,,,,,,,,flip-top,all-natural-ingredients,cream,exfoliating; brightening; hydratant,,,sensitive,,,,,,g,,,active
st-ives-rose-water-and-aloe-face-scrub-6oz,,,,,,,,,,,,,,,,,,,,,,,,,,,,,,,,https://cdn.shopify.com/s/files/1/0864/3087/5985/files/St_Ives_Rose_Water_Aloe_Face_Scrub_Facial_Micro_Exfoliant_for_Sensitive_Skin_6_oz.png?v=1769007595,2,St. Ives Rose Water & Aloe Face Scrub Facial Micro-Exfoliant for Sensitive Skin 6oz - ABS France Wholesale,,,,,,,,,,,,,,,,,,,,,,,,,,,,,,,,,,,,,,,,,,,,,,,,
st-ives-rose-water-and-aloe-face-scrub-6oz,,,,,,,,,,,,,,,,,,,,,,,,,,,,,,,,https://cdn.shopify.com/s/files/1/0864/3087/5985/files/Exfoliation_Meter.png?v=1769007692,3,Exfoliation meter for sensitive skin with usage instructions for St. Ives Rose Water & Aloe Face Scrub Facial Micro-Exfoliant for Sensitive Skin 6oz - ABS France Wholesale,,,,,,,,,,,,,,,,,,,,,,,,,,,,,,,,,,,,,,,,,,,,,,,,
st-ives-rose-water-and-aloe-face-scrub-6oz,,,,,,,,,,,,,,,,,,,,,,,,,,,,,,,,https://cdn.shopify.com/s/files/1/0864/3087/5985/files/St_Ives_Rose_Water_Aloe_Face_Scrub_Facial_Micro_Exfoliant_for_Sensitive_Skin_170g.png?v=1769009095,4,St. Ives Rose Water & Aloe Face Scrub Facial Micro-Exfoliant for Sensitive Skin 6oz - ABS France Wholesale,,,,,,,,,,,,,,,,,,,,,,,,,,,,,,,,,,,,,,,,,,,,,,,,
st-ives-rose-water-and-aloe-face-scrub-6oz,,,,,,,,,,,,,,,,,,,,,,,,,,,,,,,,https://cdn.shopify.com/s/files/1/0864/3087/5985/files/St_Ives_Rose_Water_Aloe_Face_Scrub_Facial_Micro_Exfoliant_for_Sensitive_Skin_170_g.png?v=1769009337,5,Steps for achieving a glowing skin effect with St. Ives Rose Water & Aloe Face Scrub Facial Micro-Exfoliant for Sensitive Skin 6oz - ABS France Wholesale,,,,,,,,,,,,,,,,,,,,,,,,,,,,,,,,,,,,,,,,,,,,,,,,
st-ives-rose-water-and-aloe-face-scrub-6oz,,,,,,,,,,,,,,,,,,,,,,,,,,,,,,,,https://cdn.shopify.com/s/files/1/0864/3087/5985/files/St_Ives_Rose_Water_Aloe_Face_Scrub_Facial_Micro_Exfoliant_for_Sensitive_Skin_New.png?v=1769009588,6,Comparison of old and new St. Ives Rose Water & Aloe Face Scrub Facial Micro-Exfoliant for Sensitive Skin  packaging - ABS France Wholesale,,,,,,,,,,,,,,,,,,,,,,,,,,,,,,,,,,,,,,,,,,,,,,,,
st-ives-rose-water-and-aloe-face-scrub-6oz,,,,,,,,,,,,,,,,,,,,,,,,,,,,,,,,https://cdn.shopify.com/s/files/1/0864/3087/5985/files/St_Ives_Rose_Water_Aloe_Face_Scrub_Facial_Micro_Exfoliant_for_Sensitive_Skin_back.png?v=1769010257,7,Back view of St. Ives Rose Water & Aloe Face Scrub Facial Micro-Exfoliant for Sensitive Skin 6oz - ABS France Wholesale,,,,,,,,,,,,,,,,,,,,,,,,,,,,,,,,,,,,,,,,,,,,,,,,
african-pride-moisture-miracle-olive-and-tea-tree-oil-max-hold-styling-hair-gel-18oz,African Pride Moisture Miracle Olive & Tea Tree Oil Max Hold Styling Hair Gel 18oz,<p>Gel coiffant hydratant enrichi en huile d’olive et tea tree pour définir et contrôler les cheveux texturés.</p>,African Pride,Health & Beauty > Personal Care > Hair Care > Hair Styling Products > Hair Gels,COIFFURE,"Activateur&Definiseur de Boucles, Cire & Gel",true,Title,Default Title,,,,,,,,AP0038,510.29141625,,0,deny,manual,4.90,,true,true,,,,,"",https://cdn.shopify.com/s/files/1/0864/3087/5985/files/African_Pride_Moisture_Miracle_Olive_and_Tea_Tree_Oil_Max_Hold_Styling_Hair_Gel_18oz.jpg?v=1769011280,1,African Pride Moisture Miracle Olive and Tea Tree Oil Max Hold Styling Hair Gel 18oz - ABS France Wholesale,false,African Pride Moisture Miracle Olive & Tea Tree Oil Styling Gel 18oz,Gel hydratant définition boucles. Usage pro ABS France Wholesale.,,,,,,,,,,,,,,,,,,,,olive-oil; tea-tree-oil,,,,,,,strong,,,,,gel,,,,,unisex,,,,,oz,,,active
african-pride-moisture-miracle-olive-and-tea-tree-oil-max-hold-styling-hair-gel-18oz,,,,,,,,,,,,,,,,,,,,,,,,,,,,,,,,https://cdn.shopify.com/s/files/1/0864/3087/5985/files/African_Pride_Moisture_Miracle_Olive_and_Tea_Tree_Oil_Max_Hold_Styling_Hair_Gel_510g.jpg?v=1769011331,2,African Pride Moisture Miracle Olive and Tea Tree Oil Max Hold Styling Hair Gel 18oz - ABS France Wholesale,,,,,,,,,,,,,,,,,,,,,,,,,,,,,,,,,,,,,,,,,,,,,,,,
african-pride-moisture-miracle-olive-and-tea-tree-oil-max-hold-styling-hair-gel-18oz,,,,,,,,,,,,,,,,,,,,,,,,,,,,,,,,https://cdn.shopify.com/s/files/1/0864/3087/5985/files/African_Pride_Moisture_Miracle_Olive_and_Tea_Tree_Oil_Max_Hold_Styling_Hair_Gel_18_oz.jpg?v=1769011303,3,Back side of African Pride Moisture Miracle Olive and Tea Tree Oil Max Hold Styling Hair Gel 18oz - ABS France Wholesale,,,,,,,,,,,,,,,,,,,,,,,,,,,,,,,,,,,,,,,,,,,,,,,,
african-pride-moisture-miracle-black-castor-and-jojoba-oil-max-hold-styling-gel-18oz,African Pride Moisture Miracle Black Castor & Jojoba Oil Max Hold Styling Gel 18oz,"<p>Gel nourrissant qui favorise la définition, la brillance et la tenue sans alourdir.</p>",African Pride,Health & Beauty > Personal Care > Hair Care > Hair Styling Products > Hair Gels,CHEVEUX,"Activateur&Definiseur de Boucles, Cire & Gel",true,Title,Default Title,,,,,,,,AP0039,510.29141625,,0,deny,manual,4.90,,true,true,,,,,"",https://cdn.shopify.com/s/files/1/0864/3087/5985/files/African_Pride_Moisture_Miracle_Black_Castor_Oil_and_Jojoba_Oil_Max_Hold_Styling_Gel_18oz.jpg?v=1769012061,1,African Pride Moisture Miracle Black Castor Oil & Jojoba Oil Max Hold Styling Gel 18oz - ABS France Wolesale,false,African Pride Moisture Miracle Black Castor & Jojoba Oil Styling Gel,Gel coiffant nourrissant pour cheveux naturels. ABS France Wholesale,,,,,,,,,,,,,,,,,,,,castor-oil; jojoba-oil,,,glossy; brillant,,,curly; wavy,strong,,,,,gel,,,,,unisex,,,,,oz,,,active
african-pride-dream-kids-olive-miracle-detangling-moisturizing-leave-in-conditioner-15oz,African Pride Dream Kids Olive Miracle Detangling Moisturizing Leave-In Conditioner 15oz,"<p>Après-shampooing doux pour enfants, facilite le démêlage et nourrit les cheveux fragiles.</p>",African Pride,Health & Beauty > Personal Care > Hair Care > Shampoo & Conditioner > Conditioners,CHEVEUX,"Apres Shampooing, Coiffant Enfant, Defrisage&Assouplissant Enfant, Demelant Enfant, Soins Sans Rincage",true,Title,Default Title,,,,,,,,AP0040,425.242846875,,0,deny,manual,2.89,,true,true,,,,,"",https://cdn.shopify.com/s/files/1/0864/3087/5985/files/African_Pride_Dream_Kids_Olive_Miracle_Detangling_Moisturizing_Leave_In_Conditioner_15oz.jpg?v=1769012563,1,African Pride Dream Kids Olive Miracle Detangling Moisturizing Leave-In Conditioner 15oz - ABS France Wholesale,false,African Pride Dream Kids Olive Miracle Leave-In Conditioner 15oz,Après-shampooing enfant cheveux texturés. ABS France Wholesale.,543616,,kids,,,,,,,,,,,,,kids,,,detangling; moisturizing; nourishing,olive-oil,,,,,,,,,,,,,,,sec; damaged,,unisex,,,,,oz,,,active
taliah-waajid-curls-waves-and-naturals-clean-n-curly-hydrating-shampoo-8oz,Taliah Waajid Curls Waves and Naturals Clean-N-Curly Hydrating Shampoo 8oz,"<p>Nettoyant doux sans sulfates pour cheveux bouclés, crépus et naturels.</p>",Taliah Waajid,Health & Beauty > Personal Care > Hair Care > Shampoo & Conditioner > Shampoo,Shampooing,Shampooing,true,Title,Default Title,,,,,,,,TWB002,226.796185,,0,deny,manual,4.90,,true,true,,,,,"",https://cdn.shopify.com/s/files/1/0864/3087/5985/files/Taliah_Waajid_Curls_Waves_and_Naturals_Clean_N_Curly_Hydrating_Shampoo_8oz.jpg?v=1769013019,1,Taliah Waajid Curls Waves and Naturals Clean-N-Curly Hydrating Shampoo 8oz - ABS France Wholesale,false,Taliah Waajid Clean-N-Curly Hydrating Shampoo 8oz ABS France Wholesale,Nettoyant cheveux bouclés sans sulfate. Usage pro ABS France Wholesale.,543615,,adult,,,,,,,,,,,,,adultes,,,,vitamin-e; rosemary-oil,,,,,,,,,,,sulfate-free,liquid,,,curly; brittle; damaged; all-hair-types,,unisex,,,,,oz,,,active
taliah-waajid-curls-waves-and-naturals-clean-n-curly-hydrating-shampoo-8oz,,,,,,,,,,,,,,,,,,,,,,,,,,,,,,,,https://cdn.shopify.com/s/files/1/0864/3087/5985/files/Taliah_Waajid_Curls_Waves_and_Naturals_Clean_N_Curly_Hydrating_Shampoo_8_oz.jpg?v=1769013040,2,Taliah Waajid Curls Waves and Naturals Clean-N-Curly Hydrating Shampoo 8oz - ABS France Wholesale,,,,,,,,,,,,,,,,,,,,,,,,,,,,,,,,,,,,,,,,,,,,,,,,
taliah-waajid-curls-waves-and-naturals-clean-n-curly-hydrating-shampoo-8oz,,,,,,,,,,,,,,,,,,,,,,,,,,,,,,,,https://cdn.shopify.com/s/files/1/0864/3087/5985/files/Taliah_Waajid_Curls_Waves_and_Naturals_Clean_N_Curly_Hydrating_Shampoo_237ml.jpg?v=1769013080,3,Taliah Waajid Curls Waves and Naturals Clean-N-Curly Hydrating Shampoo 237ml - ABS France Wholesale,,,,,,,,,,,,,,,,,,,,,,,,,,,,,,,,,,,,,,,,,,,,,,,,
taliah-waajid-kinky-wavy-natural-herbal-style-shine-for-natural-hair-6oz,Taliah Waajid Kinky Wavy Natural Herbal Style & Shine For Natural Hair 6oz,"<p>Crème coiffante qui hydrate, définit et apporte brillance aux cheveux texturés.</p>",Taliah Waajid,Health & Beauty > Personal Care > Hair Care > Hair Styling Products > Hair Creams & Lotions,COIFFURE,Coiffant Enfant,true,Title,Default Title,,,,,,,,TWB003,170.09713875,,0,deny,manual,4.90,,true,true,,,,,"",https://cdn.shopify.com/s/files/1/0864/3087/5985/files/Taliah_Waajid_Kinky_Wavy_Natural_Herbal_Style_and_Shine_For_Natural_Hair_6oz.jpg?v=1769013555,1,Taliah Waajid Kinky Wavy Natural Herbal Style and Shine For Natural Hair 6oz - ABS France Wholesale,false,Taliah Waajid Kinky Wavy Natural Style & Shine | ABS France Wholesale,Crème coiffante définition et brillance. ABS France Wholesale.,1901,,,,,,,,,,,,,,,,,,,shea-butter,,,glossy; brillant,,,curly; wavy,medium,,,,paraben-free,cream,,,,,unisex,,,,,oz,,,active
taliah-waajid-kinky-wavy-natural-herbal-style-shine-for-natural-hair-6oz,,,,,,,,,,,,,,,,,,,,,,,,,,,,,,,,https://cdn.shopify.com/s/files/1/0864/3087/5985/files/Taliah_Waajid_Kinky_Wavy_Natural_Herbal_Style_and_Shine_For_Natural_Hair_6_oz.jpg?v=1769013649,2,Taliah Waajid Kinky Wavy Natural Herbal Style and Shine For Natural Hair 6oz - ABS France Wholesale,,,,,,,,,,,,,,,,,,,,,,,,,,,,,,,,,,,,,,,,,,,,,,,,
taliah-waajid-kinky-wavy-natural-herbal-style-shine-for-natural-hair-6oz,,,,,,,,,,,,,,,,,,,,,,,,,,,,,,,,https://cdn.shopify.com/s/files/1/0864/3087/5985/files/Taliah_Waajid_Kinky_Wavy_Natural_Herbal_Style_and_Shine_For_Natural_Hair_177ml.jpg?v=1769013675,3,Taliah Waajid Kinky Wavy Natural Herbal Style and Shine For Natural Hair 6oz - ABS France Wholesale,,,,,,,,,,,,,,,,,,,,,,,,,,,,,,,,,,,,,,,,,,,,,,,,
taliah-waajid-kinky-wavy-natural-herbal-style-shine-for-natural-hair-6oz,,,,,,,,,,,,,,,,,,,,,,,,,,,,,,,,https://cdn.shopify.com/s/files/1/0864/3087/5985/files/Taliah_Waajid_Kinky_Wavy_Natural_Herbal_Style_and_Shine_For_Natural_Hair_177_ml.jpg?v=1769013689,4,Taliah Waajid Kinky Wavy Natural Herbal Style and Shine For Natural Hair 6oz - ABS France Wholesale,,,,,,,,,,,,,,,,,,,,,,,,,,,,,,,,,,,,,,,,,,,,,,,,
taliah-waajid-curls-waves-naturals-the-great-detangler-8oz,Taliah Waajid Curls Waves & Naturals The Great Detangler 8oz,<p>Démêlant hydratant qui réduit la casse et facilite le coiffage quotidien.</p>,Taliah Waajid,Health & Beauty > Personal Care > Hair Care > Hair Styling Products > Hair Creams & Lotions,COIFFURE,"Defrisage&Assouplissant, Demelant, Soins Sans Rincage",true,Title,Default Title,,,,,,,,TWB004,0.0,,0,deny,manual,4.90,,true,true,,,,,"",https://cdn.shopify.com/s/files/1/0864/3087/5985/files/Taliah_Waajid_Curls_Waves_and_Naturals_The_Great_Detangler_8oz.jpg?v=1769014332,1,Taliah Waajid Curls Waves and Naturals The Great Detangler 8oz - ABS France Wholesale,false,,Démêlant professionnel cheveux naturels. ABS France Wholesale.,,,,,,,,,,,,,,,,,,,,coconut-oil; aloe-vera,,,,,,,,,,,,liquid,,,,,unisex,,,,,g,,,active
taliah-waajid-curls-waves-naturals-the-great-detangler-8oz,,,,,,,,,,,,,,,,,,,,,,,,,,,,,,,,https://cdn.shopify.com/s/files/1/0864/3087/5985/files/Taliah_Waajid_Curls_Waves_and_Naturals_The_Great_Detangler_8_oz.jpg?v=1769014348,2,Taliah Waajid Curls Waves and Naturals The Great Detangler 8oz - ABS France Wholesale,,,,,,,,,,,,,,,,,,,,,,,,,,,,,,,,,,,,,,,,,,,,,,,,
taliah-waajid-curls-waves-naturals-the-great-detangler-8oz,,,,,,,,,,,,,,,,,,,,,,,,,,,,,,,,https://cdn.shopify.com/s/files/1/0864/3087/5985/files/Taliah_Waajid_Curls_Waves_and_Naturals_The_Great_Detangler_237ml.jpg?v=1769014363,3,Taliah Waajid Curls Waves and Naturals The Great Detangler 8oz - ABS France Wholesale,,,,,,,,,,,,,,,,,,,,,,,,,,,,,,,,,,,,,,,,,,,,,,,,
